date,cumulative_cases,recoveries,deaths_daily,cumulative_deaths,active_cases,week_label,week_no,cumulative_tests,tests_daily,cases_daily,perc_positive,test_thousand,weekly_tests,weekly_cases,tests_per_case,seven_day_tests,seven_day_positives,seven_day_average,case_fatality_rate,fatalities_seven_days,fatalities_seven_days_average,public_tests,private_tests,new_public_tests,new_private_tests,7_day_weekly_average,community_sceen_and_test,passive_case_finding,vaccinated_total,vaccinated_daily,non_sisonke_vaccination_total,vaccinated_sisonke,j_and_j,pfizer,pk
05/03/2020,1,0,0,0,1,,0,,,1,,,,,,0,0,,0.00%,0,,0,0,0,0,,,,0,0,,,0,0,1
06/03/2020,1,0,0,0,1,6-12 Mar,1,200,200,0,0.00%,0,,,,0,0,,0.00%,0,,0,0,0,0,,,,0,0,,,0,0,2
07/03/2020,2,0,0,0,2,6-12 Mar,1,241,41,1,2.40%,24,,,,0,0,,0.00%,0,,0,0,0,0,,,,0,0,,,0,0,3
08/03/2020,3,0,0,0,3,6-12 Mar,1,241,0,1,,,,,,0,0,,0.00%,0,,0,0,0,0,,,,0,0,,,0,0,4
09/03/2020,7,0,0,0,7,6-12 Mar,1,241,0,4,,,,,,0,0,,0.00%,0,,0,0,0,0,,,,0,0,,,0,0,5
10/03/2020,7,0,0,0,7,6-12 Mar,1,241,0,0,,,,,,0,0,,0.00%,0,,0,0,0,0,,,,0,0,,,0,0,6
11/03/2020,13,0,0,0,13,6-12 Mar,1,645,404,6,1.50%,15,,,,404,6,1.49%,0.00%,0,0.00%,0,0,0,0,,,,0,0,,,0,0,7
12/03/2020,16,0,0,0,16,6-12 Mar,1,848,203,3,1.50%,15,848,15,57,607,9,1.48%,0.00%,0,0.00%,0,0,0,0,,,,0,0,,,0,0,8
13/03/2020,24,0,0,0,24,13-19 Mar,2,924,76,8,10.50%,105,,,,683,17,2.49%,0.00%,0,0.00%,0,0,0,0,,,,0,0,,,0,0,9
14/03/2020,38,0,0,0,38,13-19 Mar,2,1017,93,14,15.10%,151,,,,776,31,3.99%,0.00%,0,0.00%,0,0,0,0,,,,0,0,,,0,0,10
15/03/2020,51,0,0,0,51,13-19 Mar,2,1476,459,13,2.80%,28,,,,1235,44,3.56%,0.00%,0,0.00%,0,0,0,0,,,,0,0,,,0,0,11
16/03/2020,62,0,0,0,62,13-19 Mar,2,2405,929,11,1.20%,12,,,,2164,55,2.54%,0.00%,0,0.00%,0,0,0,0,,,,0,0,,,0,0,12
17/03/2020,85,0,0,0,85,13-19 Mar,2,2911,506,23,4.50%,45,,,,2670,78,2.92%,0.00%,0,0.00%,0,0,0,0,,,,0,0,,,0,0,13
18/03/2020,116,0,0,0,116,13-19 Mar,2,3070,159,31,19.50%,195,,,,2425,103,4.25%,0.00%,0,0.00%,0,0,0,0,,,,0,0,,,0,0,14
19/03/2020,150,0,0,0,150,13-19 Mar,2,4832,1762,34,1.90%,19,3984,134,30,3984,134,3.36%,0.00%,0,0.00%,0,0,0,0,19,,,0,0,,,0,0,15
20/03/2020,202,0,0,0,202,20-26 Mar,3,6438,1606,52,3.20%,32,,,,5514,178,3.23%,0.00%,0,0.00%,0,0,0,0,25,,,0,0,,,0,0,16
21/03/2020,240,0,0,0,240,20-26 Mar,3,7425,987,38,3.90%,39,,,,6408,202,3.15%,0.00%,0,0.00%,0,0,0,0,29,,,0,0,,,0,0,17
22/03/2020,274,0,0,0,274,20-26 Mar,3,9315,1890,34,1.80%,18,,,,7839,223,2.84%,0.00%,0,0.00%,0,0,0,0,32,,,0,0,,,0,0,18
23/03/2020,402,0,0,0,402,20-26 Mar,3,12815,3500,128,3.70%,37,,,,10410,340,3.27%,0.00%,0,0.00%,0,0,0,0,49,,,0,0,,,0,0,19
24/03/2020,554,0,0,0,554,20-26 Mar,3,15529,2714,152,5.60%,56,,,,12618,469,3.72%,0.00%,0,0.00%,0,0,0,0,67,,,0,0,,,0,0,20
25/03/2020,709,0,0,0,709,20-26 Mar,3,18000,2471,155,6.30%,63,,,,14930,593,3.97%,0.00%,0,0.00%,0,0,0,0,85,,,0,0,,,0,0,21
26/03/2020,927,0,0,0,927,20-26 Mar,3,20471,2471,218,8.80%,88,15639,777,20,15639,777,4.97%,0.00%,0,0.00%,0,0,0,0,111,,,0,0,,,0,0,22
27/03/2020,1170,0,1,1,1169,27 Mar-2 Apr,4,28537,8066,243,3.00%,30,,,,22099,968,4.38%,0.10%,1,0.10%,0,0,0,0,138,,,0,0,,,0,0,23
28/03/2020,1187,0,0,1,1186,27 Mar-2 Apr,4,31963,3426,17,0.50%,5,,,,24538,947,3.86%,0.10%,1,0.10%,0,0,0,0,135,,,0,0,,,0,0,24
29/03/2020,1280,0,1,2,1278,27 Mar-2 Apr,4,35593,3630,93,2.60%,26,,,,26278,1006,3.83%,0.20%,2,0.20%,0,0,0,0,144,,,0,0,,,0,0,25
30/03/2020,1326,0,0,2,1324,27 Mar-2 Apr,4,38409,2816,46,1.60%,16,,,,25594,924,3.61%,0.20%,2,0.20%,0,0,0,0,132,,,0,0,,,0,0,26
31/03/2020,1353,0,3,5,1348,27 Mar-2 Apr,4,41072,2663,27,1.00%,10,,,,25543,799,3.13%,0.40%,5,0.60%,0,0,0,0,114,,,0,0,,,0,0,27
01/04/2020,1380,0,0,5,1375,27 Mar-2 Apr,4,44202,3130,27,0.90%,9,,,,26202,671,2.56%,0.40%,5,0.70%,0,0,0,0,96,,,0,0,,,0,0,28
02/04/2020,1462,45,0,5,1412,27 Mar-2 Apr,4,47965,3763,82,2.20%,22,27494,535,51,27494,535,1.95%,0.30%,5,0.90%,0,0,0,0,76,,,0,0,,,0,0,29
03/04/2020,1505,45,2,7,1453,3-9 Apr,5,50361,2396,43,1.80%,18,,,,21824,335,1.54%,0.50%,6,1.80%,0,0,0,0,48,,,0,0,,,0,0,30
04/04/2020,1585,45,2,9,1531,3-9 Apr,5,53937,3576,80,2.20%,22,,,,21974,398,1.81%,0.60%,8,2.00%,0,0,0,0,57,,,0,0,,,0,0,31
05/04/2020,1655,45,2,11,1599,3-9 Apr,5,56873,2936,70,2.40%,24,,,,21280,375,1.76%,0.70%,9,2.40%,0,0,0,0,54,,,0,0,,,0,0,32
06/04/2020,1686,45,1,12,1629,3-9 Apr,5,58098,1225,31,2.50%,25,,,,19689,360,1.83%,0.70%,10,2.80%,0,0,0,0,51,,,0,0,,,0,0,33
07/04/2020,1749,45,1,13,1691,3-9 Apr,5,60937,2839,63,2.20%,22,,,,19865,396,1.99%,0.70%,8,2.00%,0,0,0,0,57,,,0,0,,,0,0,34
08/04/2020,1845,45,5,18,1782,3-9 Apr,5,63776,2839,96,3.40%,34,,,,19574,465,2.38%,1.00%,13,2.80%,0,0,0,0,66,,,0,0,,,0,0,35
09/04/2020,1934,45,0,18,1871,3-9 Apr,5,68874,5098,89,1.70%,17,20909,472,44,20909,472,2.26%,0.90%,13,2.80%,0,0,0,0,67,,,0,0,,,0,0,36
10/04/2020,2003,410,6,24,1569,10-16 Apr,6,73028,4154,69,1.70%,17,,,,22667,498,2.20%,1.20%,17,3.40%,0,0,0,0,71,,,0,0,,,0,0,37
11/04/2020,2028,410,1,25,1593,10-16 Apr,6,75053,2025,25,1.20%,12,,,,21116,443,2.10%,1.20%,16,3.60%,0,0,0,0,63,,,0,0,,,0,0,38
12/04/2020,2173,410,0,25,1738,10-16 Apr,6,80085,5032,145,2.90%,29,,,,23212,518,2.23%,1.20%,14,2.70%,0,0,0,0,74,,,0,0,,,0,0,39
13/04/2020,2272,410,2,27,1835,10-16 Apr,6,83663,3578,99,2.80%,28,,,,25565,586,2.29%,1.20%,15,2.60%,0,0,0,0,84,,,0,0,,,0,0,40
14/04/2020,2415,410,0,27,1978,10-16 Apr,6,87022,3359,143,4.30%,43,,,,26085,666,2.55%,1.10%,14,2.10%,0,0,0,0,95,,,0,0,,,0,0,41
15/04/2020,2506,410,7,34,2062,10-16 Apr,6,90515,3493,91,2.60%,26,,,,26739,661,2.47%,1.40%,16,2.40%,0,0,0,0,94,,,0,0,,,0,0,42
16/04/2020,2605,903,14,48,1654,10-16 Apr,6,95060,4545,99,2.20%,22,26186,671,39,26186,671,2.56%,1.80%,30,4.50%,0,0,0,0,96,,,0,0,,,0,0,43
17/04/2020,2783,903,2,50,1830,17-23 Apr,7,100827,5767,178,3.10%,31,,,,27799,780,2.81%,1.80%,26,3.30%,0,0,0,0,111,,,0,0,,,0,0,44
18/04/2020,3034,903,2,52,2079,17-23 Apr,7,108021,7194,251,3.50%,35,,,,32968,1006,3.05%,1.70%,27,2.70%,0,0,0,0,144,,,0,0,,,0,0,45
19/04/2020,3158,903,2,54,2201,17-23 Apr,7,114711,6690,124,1.90%,19,,,,34626,985,2.84%,1.70%,29,2.90%,0,0,0,0,141,,,0,0,,,0,0,46
20/04/2020,3300,1055,4,58,2187,17-23 Apr,7,121510,6799,142,2.10%,21,,,,37847,1028,2.72%,1.80%,31,3.00%,0,0,0,0,147,,,0,0,,,0,0,47
21/04/2020,3465,1055,0,58,2352,17-23 Apr,7,126937,5427,165,3.00%,30,,,,39915,1050,2.63%,1.70%,31,3.00%,0,0,0,0,150,,,0,0,,,0,0,48
22/04/2020,3635,1055,7,65,2515,17-23 Apr,7,133774,6837,170,2.50%,25,,,,43259,1129,2.61%,1.80%,31,2.70%,0,0,0,0,161,,,0,0,,,0,0,49
23/04/2020,3953,1473,10,75,2405,17-23 Apr,7,143570,9796,318,3.20%,32,48510,1348,36,48510,1348,2.78%,1.90%,27,2.00%,0,0,0,0,193,,,0,0,,,0,0,50
24/04/2020,4220,1473,4,79,2668,24-30 Apr,8,152390,8820,267,3.00%,30,,,,51563,1437,2.79%,1.90%,29,2.00%,0,0,0,0,205,,,0,0,,,0,0,51
25/04/2020,4361,1473,7,86,2802,24-30 Apr,8,161004,8614,141,1.60%,16,,,,52983,1327,2.50%,2.00%,34,2.60%,0,0,0,0,190,,,0,0,,,0,0,52
26/04/2020,4546,1473,1,87,2986,24-30 Apr,8,168643,7639,185,2.40%,24,,,,53932,1388,2.57%,1.90%,33,2.40%,0,0,0,0,198,,,0,0,,,0,0,53
27/04/2020,4793,1473,3,90,3230,24-30 Apr,8,178470,9827,247,2.50%,25,,,,56960,1493,2.62%,1.90%,32,2.10%,0,0,0,0,213,,,0,0,,,0,0,54
28/04/2020,4996,2073,3,93,2830,24-30 Apr,8,185497,7027,203,2.90%,29,,,,58560,1531,2.61%,1.90%,35,2.30%,0,0,0,0,219,,,0,0,,,0,0,55
29/04/2020,5350,2073,10,103,3174,24-30 Apr,8,197127,11630,354,3.00%,30,,,,63353,1715,2.71%,1.90%,38,2.20%,0,0,0,0,245,,,0,0,,,0,0,56
30/04/2020,5647,2073,0,103,3471,24-30 Apr,8,207530,10403,297,2.90%,29,63960,1694,38,63960,1694,2.65%,1.80%,28,1.70%,0,0,0,0,242,,,0,0,,,0,0,57
01/05/2020,5951,2382,13,116,3453,1-7 May,9,217522,9992,304,3.00%,30,,,,65132,1731,2.66%,1.90%,37,2.10%,0,0,0,0,247,,,0,0,,,0,0,58
02/05/2020,6336,2549,7,123,3664,1-7 May,9,230686,13164,385,2.90%,29,,,,69682,1975,2.83%,1.90%,37,1.90%,0,0,0,0,282,,,0,0,,,0,0,59
03/05/2020,6783,2549,8,131,4103,1-7 May,9,245747,15061,447,3.00%,30,,,,77104,2237,2.90%,1.90%,44,2.00%,0,0,0,0,320,,,0,0,,,0,0,60
04/05/2020,7220,2746,7,138,4336,1-7 May,9,257541,11794,437,3.70%,37,,,,79071,2427,3.07%,1.90%,48,2.00%,129392,128149,7225,4569,347,,,0,0,,,0,0,61
05/05/2020,7572,2746,10,148,4678,1-7 May,9,268064,10523,352,3.30%,33,,,,82567,2576,3.12%,2.00%,55,2.10%,134750,133314,5358,5165,368,,,0,0,,,0,0,62
06/05/2020,7808,3153,5,153,4502,1-7 May,9,279379,11315,236,2.10%,21,,,,82252,2458,2.99%,2.00%,50,2.00%,139139,140240,4389,6926,351,,,0,0,,,0,0,63
07/05/2020,8232,3153,8,161,4918,1-7 May,9,292153,12774,424,3.30%,33,84623,2585,33,84623,2585,3.05%,2.00%,58,2.20%,145379,146774,6240,6534,369,,,0,0,,,0,0,64
08/05/2020,8895,3153,17,178,5564,8-14 May,10,307752,15599,663,4.30%,43,,,,90230,2944,3.26%,2.00%,62,2.10%,154157,153595,8778,6821,421,,,0,0,,,0,0,65
09/05/2020,9420,3983,8,186,5251,8-14 May,10,324079,16327,525,3.20%,32,,,,93393,3084,3.30%,2.00%,63,2.00%,163182,160897,9025,7302,441,,,0,0,,,0,0,66
10/05/2020,10015,4173,8,194,5648,8-14 May,10,341336,17257,595,3.40%,34,,,,95589,3232,3.38%,1.90%,63,1.90%,172797,168539,9615,7642,462,,,0,0,,,0,0,67
11/05/2020,10652,4357,12,206,6089,8-14 May,10,356067,14731,637,4.30%,43,,,,98526,3432,3.48%,1.90%,68,2.00%,181089,174978,8292,6439,490,,,0,0,,,0,0,68
12/05/2020,11350,4357,0,206,6787,8-14 May,10,369697,13630,698,5.10%,51,,,,101633,3778,3.72%,1.80%,58,1.50%,189688,180009,8599,5031,540,,,0,0,,,0,0,69
13/05/2020,12074,4754,13,219,7101,8-14 May,10,386352,16655,724,4.30%,43,,,,106973,4266,3.99%,1.80%,66,1.50%,197366,188986,7678,8977,609,,,0,0,,,0,0,70
14/05/2020,12739,5676,19,238,6825,8-14 May,10,403018,16666,665,4.00%,40,110865,4507,25,110865,4507,4.07%,1.90%,77,1.70%,204701,198317,7335,9331,644,,,0,0,,,0,0,71
15/05/2020,13524,6083,9,247,7194,15-21 May,11,421555,18537,785,4.20%,42,,,,113803,4629,4.07%,1.80%,69,1.50%,214774,206781,10073,8464,661,,,0,0,,,0,0,72
16/05/2020,14355,6478,14,261,7616,15-21 May,11,439559,18004,831,4.60%,46,,,,115480,4935,4.27%,1.80%,75,1.50%,226387,213172,11613,6391,705,,,0,0,,,0,0,73
17/05/2020,15515,7006,3,264,8245,15-21 May,11,460873,21314,1160,5.40%,54,,,,119537,5500,4.60%,1.70%,70,1.30%,237255,223618,10868,10446,786,,,0,0,,,0,0,74
18/05/2020,16433,7298,22,286,8849,15-21 May,11,475071,14198,918,6.50%,65,,,,119004,5781,4.86%,1.70%,80,1.40%,245004,230067,7749,6449,826,,,0,0,,,0,0,75
19/05/2020,17200,7960,26,312,8928,15-21 May,11,488609,13538,767,5.70%,57,,,,118912,5850,4.92%,1.80%,106,1.80%,252799,235810,7795,5743,836,,,0,0,,,0,0,76
20/05/2020,18003,8950,27,339,8714,15-21 May,11,506861,18252,803,4.40%,44,,,,120509,5929,4.92%,1.90%,120,2.00%,261229,245632,8430,9822,847,,,0,0,,,0,0,77
21/05/2020,19137,8950,30,369,9818,15-21 May,11,525433,18572,1134,6.10%,61,122415,6398,19,122415,6398,5.23%,1.90%,131,2.00%,268430,257003,7201,11371,914,,,0,0,,,0,0,78
22/05/2020,20125,10104,28,397,9624,22-28 May,12,543032,17599,988,5.60%,56,,,,121477,6601,5.43%,2.00%,150,2.30%,276924,266108,8494,9105,943,,,0,0,,,0,0,79
23/05/2020,21343,10104,10,407,10832,22-28 May,12,564370,21338,1218,5.70%,57,,,,124811,6988,5.60%,1.90%,146,2.10%,287833,276537,10909,10429,998,,,0,0,,,0,0,80
24/05/2020,22583,11100,22,429,11054,22-28 May,12,583855,19485,1240,6.40%,64,,,,122982,7068,5.75%,1.90%,165,2.30%,298401,285454,10568,8917,1010,,,0,0,,,0,0,81
25/05/2020,23615,11917,52,481,11217,22-28 May,12,596777,12922,1032,8.00%,80,,,,121706,7182,5.90%,2.00%,195,2.70%,303874,292903,5473,7449,1026,,,0,0,,,0,0,82
26/05/2020,24264,12741,43,524,10999,22-28 May,12,605991,9214,649,7.00%,70,,,,117382,7064,6.02%,2.20%,212,3.00%,306941,299050,3067,6147,1009,,,0,0,,,0,0,83
27/05/2020,25937,13451,28,552,11934,22-28 May,12,634996,29005,1673,5.80%,58,,,,128135,7934,6.19%,2.10%,213,2.70%,325006,309990,18065,10940,1133,,,0,0,,,0,0,84
28/05/2020,27403,14370,25,577,12456,22-28 May,12,655723,20727,1466,7.10%,71,130290,8266,16,130290,8266,6.34%,2.10%,208,2.50%,333444,322279,8438,12289,1181,,,0,0,,,0,0,85
29/05/2020,29240,15093,34,611,13536,29 May-4 Jun,13,680175,24452,1837,7.50%,75,,,,137143,9115,6.65%,2.10%,214,2.30%,344341,335834,10897,13555,1302,,,0,0,,,0,0,86
30/05/2020,30967,16116,32,643,14208,29 May-4 Jun,13,701883,21708,1727,8.00%,80,,,,137513,9624,7.00%,2.10%,236,2.50%,354375,347508,10034,11674,1375,,,0,0,,,0,0,87
31/05/2020,32683,16809,40,683,15191,29 May-4 Jun,13,725125,23242,1716,7.40%,74,,,,141270,10100,7.15%,2.10%,254,2.50%,365951,359174,11576,11666,1443,,,0,0,,,0,0,88
01/06/2020,34357,17291,22,705,16361,29 May-4 Jun,13,742742,17617,1674,9.50%,95,,,,145965,10742,7.36%,2.10%,224,2.10%,374542,368200,8591,9026,1535,,,0,0,,,0,0,89
02/06/2020,35812,18313,50,755,16744,29 May-4 Jun,13,761534,18792,1455,7.70%,77,,,,155543,11548,7.42%,2.10%,231,2.00%,385452,376082,10910,7882,1650,,,0,0,,,0,0,90
03/06/2020,37525,19682,37,792,17051,29 May-4 Jun,13,785979,24445,1713,7.00%,70,,,,150983,11588,7.68%,2.10%,240,2.10%,397677,388302,12225,12220,1655,,,0,0,,,0,0,91
04/06/2020,40792,21311,56,848,18633,29 May-4 Jun,13,820675,34696,3267,9.40%,94,164952,13389,12,164952,13389,8.12%,2.10%,271,2.00%,418487,402188,20810,13886,1913,200402,620273,0,0,,,0,0,92
05/06/2020,43434,23088,60,908,19438,5-11 Jun,14,850871,30196,2642,8.70%,87,,,,170696,14194,8.32%,2.10%,297,2.10%,435129,415742,16642,13554,2028,210055,640816,0,0,,,0,0,93
06/06/2020,45973,24258,44,952,20763,5-11 Jun,14,891668,40797,2539,6.20%,62,,,,189785,15006,7.91%,2.10%,309,2.10%,460485,431183,25356,15441,2144,227190,664478,0,0,,,0,0,94
07/06/2020,48285,24364,46,998,22923,5-11 Jun,14,920064,28396,2312,8.10%,81,,,,194939,15602,8.00%,2.10%,315,2.00%,474987,445077,14502,13893,2229,234331,685733,0,0,,,0,0,95
08/06/2020,50879,26099,82,1080,23700,5-11 Jun,14,943059,22995,2594,11.30%,113,,,,200317,16522,8.25%,2.10%,375,2.30%,487744,455315,12757,10226,2360,241540,701519,0,0,,,0,0,96
09/06/2020,52991,29006,82,1162,22823,5-11 Jun,14,968070,25011,2112,8.40%,84,,,,206536,17179,8.32%,2.20%,407,2.40%,502108,465962,14364,10648,2454,249356,718715,0,0,,,0,0,97
10/06/2020,55421,31505,48,1210,22706,5-11 Jun,14,998400,30330,2430,8.00%,80,,,,212421,17896,8.42%,2.20%,418,2.30%,518390,480010,16282,14048,2557,258590,739811,0,0,,,0,0,98
11/06/2020,58568,33252,74,1284,24032,5-11 Jun,14,1028399,29999,3147,10.50%,105,207724,17776,12,207724,17776,8.56%,2.20%,436,2.50%,532283,496116,13893,16106,2539,266328,762072,0,0,,,0,0,99
12/06/2020,61927,35008,70,1354,25565,12-18 Jun,15,1060425,32026,3359,10.50%,105,,,,209554,18493,8.82%,2.20%,446,2.40%,548010,512415,15727,16299,2642,275105,785320,0,0,,,0,0,100
13/06/2020,65736,36850,69,1423,27463,12-18 Jun,15,1087887,27462,3809,13.90%,139,,,,196219,19763,10.07%,2.20%,471,2.40%,560068,527819,12058,15404,2823,,,0,0,,,0,0,101
14/06/2020,70038,38531,57,1480,30027,12-18 Jun,15,1121958,34071,4302,12.60%,126,,,,201894,21753,10.77%,2.10%,482,2.20%,577766,544192,17698,16373,3108,292520,829439,0,0,,,0,0,102
15/06/2020,73533,39867,88,1568,32098,12-18 Jun,15,1148933,26975,3495,13.00%,130,,,,205874,22654,11.00%,2.10%,488,2.20%,592569,556364,14803,12172,3236,302021,846912,0,0,,,0,0,103
16/06/2020,76334,42063,57,1625,32646,12-18 Jun,15,1172513,23580,2801,11.90%,119,,,,204443,23343,11.42%,2.10%,463,2.00%,605359,567175,12790,10811,3335,309759,862775,0,0,,,0,0,104
17/06/2020,80412,44331,49,1674,34407,12-18 Jun,15,1200736,28223,4078,14.40%,144,,,,202336,24991,12.35%,2.10%,464,1.90%,617779,582957,12420,15782,3570,316922,883814,0,0,,,0,0,105
18/06/2020,83890,44920,63,1737,37233,12-18 Jun,15,1228098,27362,3478,12.70%,127,199699,25322,8,199699,25322,12.68%,2.10%,453,1.80%,630704,597394,12925,14437,3617,324053,904045,0,0,,,0,0,106
19/06/2020,87715,47825,94,1831,38059,19-25 Jun,16,1260434,32336,3825,11.80%,118,,,,200009,25788,12.89%,2.10%,477,1.80%,643140,617294,12436,19900,3684,330386,930048,0,0,,,0,0,107
20/06/2020,92681,50326,46,1877,40478,19-25 Jun,16,1293608,33174,4966,15.00%,150,,,,205721,26945,13.10%,2.00%,454,1.70%,657896,635712,14756,18418,3849,338211,955397,0,0,,,0,0,108
21/06/2020,97302,51608,53,1930,43764,19-25 Jun,16,1328060,34452,4621,13.40%,134,,,,206102,27264,13.23%,2.00%,450,1.70%,673650,654410,15754,18698,3895,346859,981201,0,0,,,0,0,109
22/06/2020,101590,53444,61,1991,46155,19-25 Jun,16,1353176,25116,4288,17.10%,171,,,,204243,28057,13.74%,2.00%,423,1.50%,683932,669244,10282,14834,4008,352749,1000427,0,0,,,0,0,110
23/06/2020,106108,55045,111,2102,48961,19-25 Jun,16,1382772,29596,4518,15.30%,153,,,,210259,29774,14.16%,2.00%,477,1.60%,697164,685608,13232,16364,4253,359268,1023504,0,0,,,0,0,111
24/06/2020,111796,56874,103,2205,52717,19-25 Jun,16,1416894,34122,5688,16.70%,167,,,,216158,31384,14.52%,2.00%,531,1.70%,713377,703517,16213,17909,4483,367262,1049632,0,0,,,0,0,112
25/06/2020,118375,59974,87,2292,56109,19-25 Jun,16,1460012,43118,6579,15.30%,153,231914,34485,7,231914,34485,14.87%,1.90%,555,1.60%,727181,732831,13804,29314,4926,373788,1086224,0,0,,,0,0,113
26/06/2020,124590,64111,48,2340,58139,26 Jun-2 Jul,17,1493104,33092,6215,18.80%,188,,,,232670,36875,15.85%,1.90%,509,1.40%,740633,752471,13452,19640,5268,381233,1111871,0,0,,,0,0,114
27/06/2020,131800,67094,73,2413,62293,26 Jun-2 Jul,17,1529009,35905,7210,20.10%,201,,,,235401,39119,16.62%,1.80%,536,1.40%,752162,776847,11529,24376,5588,387115,1141894,0,0,,,0,0,115
28/06/2020,138134,68925,43,2456,66753,26 Jun-2 Jul,17,1567084,38075,6334,16.60%,166,,,,239024,40832,17.08%,1.80%,526,1.30%,762836,804248,10674,27401,5833,392184,1174900,0,0,,,0,0,116
29/06/2020,144264,70614,73,2529,71121,26 Jun-2 Jul,17,1596995,29911,6130,20.50%,205,,,,243819,42674,17.50%,1.80%,538,1.30%,771167,825828,8331,21580,6096,397031,1199964,0,0,,,0,0,117
30/06/2020,151209,73543,128,2657,75009,26 Jun-2 Jul,17,1630008,33013,6945,21.00%,210,,,,247236,45101,18.24%,1.80%,555,1.20%,782860,847148,11693,21320,6443,403117,1199964,0,0,,,0,0,118
01/07/2020,159333,76025,92,2749,80559,26 Jun-2 Jul,17,1666939,36931,8124,22.00%,220,,,,250045,47537,19.01%,1.70%,544,1.10%,798823,868116,15963,20968,6791,410628,1256311,0,0,,,0,0,119
02/07/2020,168061,81999,95,2844,83218,26 Jun-2 Jul,17,1706127,39188,8728,22.30%,223,246115,49686,5,246115,49686,20.19%,1.70%,552,1.10%,813998,892129,15175,24013,7098,418061,1288067,0,0,,,0,0,120
03/07/2020,177124,86298,108,2952,87874,3-9 Jul,18,1745153,39026,9063,23.20%,232,,,,252049,52534,20.84%,1.70%,612,1.20%,825543,919610,11545,27480,7505,423618,1321535,0,0,,,0,0,121
04/07/2020,187977,91227,74,3026,93724,3-9 Jul,18,1792078,46925,10853,23.10%,231,,,,263069,56177,21.35%,1.60%,613,1.10%,843058,949020,17515,29410,8025,432498,1359580,0,0,,,0,0,122
05/07/2020,196750,93315,173,3199,100236,3-9 Jul,18,1830161,38083,8773,23.00%,230,,,,263077,58616,22.28%,1.60%,743,1.30%,858033,972128,14975,23108,8374,439028,1391133,0,0,,,0,0,123
06/07/2020,205721,97848,111,3310,104563,3-9 Jul,18,1864111,33950,8971,26.40%,264,,,,267116,61457,23.01%,1.60%,781,1.30%,869562,994549,11529,22421,8780,444681,1419430,0,0,,,0,0,124
07/07/2020,215855,102299,192,3502,110054,3-9 Jul,18,1907532,43421,10134,23.30%,233,,,,277524,64646,23.29%,1.60%,845,1.30%,881632,1025900,12070,31351,9235,451961,1455571,0,0,,,0,0,125
08/07/2020,224665,106842,89,3591,114232,3-9 Jul,18,1944399,36867,8810,23.90%,239,,,,277460,65332,23.55%,1.60%,842,1.30%,895899,1048500,14267,22600,9333,459094,1485305,0,0,,,0,0,126
09/07/2020,238339,113061,129,3720,121558,3-9 Jul,18,2000569,56170,13674,24.30%,243,294442,70278,4,294442,70278,23.87%,1.60%,876,1.20%,912996,1087573,17097,39073,10040,467158,1533411,0,0,,,0,0,127
10/07/2020,250687,118232,140,3860,128595,10-16 Jul,19,2057232,56663,12348,21.80%,218,,,,312079,73563,23.57%,1.50%,908,1.20%,928679,1128553,15683,40980,10509,475055,1582177,0,0,,,0,0,128
11/07/2020,264184,127715,111,3971,132498,10-16 Jul,19,2108570,51338,13497,26.30%,263,,,,316492,76207,24.08%,1.50%,945,1.20%,942197,1166373,13518,37820,10887,,,0,0,,,0,0,129
12/07/2020,276242,134874,108,4079,137289,10-16 Jul,19,2154391,45821,12058,26.30%,263,,,,324230,79492,24.52%,1.50%,880,1.10%,957843,1196548,15646,30175,11356,489676,1664715,0,0,,,0,0,130
13/07/2020,287796,138241,93,4172,145383,10-16 Jul,19,2194624,40233,11554,28.70%,287,,,,330513,82075,24.83%,1.40%,862,1.10%,971740,1222884,13897,26336,11725,497771,1696853,0,0,,,0,0,131
14/07/2020,298292,146279,174,4346,147667,10-16 Jul,19,2232738,38114,10496,27.50%,275,,,,325206,82437,25.35%,1.50%,844,1.00%,985412,1247326,13672,24442,11777,505057,1727681,0,0,,,0,0,132
15/07/2020,311049,160693,107,4453,145903,10-16 Jul,19,2278127,45389,12757,28.10%,281,,,,333728,86384,25.88%,1.40%,862,1.00%,1002469,1275658,17057,28332,12341,513381,1764746,0,0,,,0,0,133
16/07/2020,324221,165591,216,4669,153961,10-16 Jul,19,2324923,46796,13172,28.10%,281,324354,85882,4,324354,85882,26.48%,1.40%,949,1.10%,1019734,1305189,17265,29531,12269,521045,1803878,0,0,,,0,0,134
17/07/2020,337594,178183,135,4804,154607,17-23 Jul,20,2373053,48130,13373,27.80%,278,,,,315821,86907,27.52%,1.40%,944,1.10%,1037137,1335916,17403,30727,12415,529615,1843438,0,0,,,0,0,135
18/07/2020,350879,182230,144,4948,163701,17-23 Jul,20,2422741,49688,13285,26.70%,267,,,,314171,86695,27.59%,1.40%,977,1.10%,1054942,1367799,17805,31883,12385,538256,1884485,0,0,,,0,0,136
19/07/2020,364328,191059,85,5033,168236,17-23 Jul,20,2471747,49006,13449,27.40%,274,,,,317356,88086,27.76%,1.40%,954,1.10%,1074385,1397362,19443,29563,12584,547651,1924096,0,0,,,0,0,137
20/07/2020,373628,194865,140,5173,173590,17-23 Jul,20,2505646,33899,9300,27.40%,274,,,,311022,85832,27.60%,1.40%,1001,1.20%,1089090,1416556,14705,19194,12262,554775,1950871,0,0,,,0,0,138
21/07/2020,381798,208144,195,5368,168286,17-23 Jul,20,2536921,31275,8170,26.10%,261,,,,304183,83506,27.45%,1.40%,1022,1.20%,1104870,1432051,15780,15495,11929,563715,1973206,0,0,,,0,0,139
22/07/2020,394948,229175,572,5940,159833,17-23 Jul,20,2585474,48553,13150,27.10%,271,,,,307347,83899,27.30%,1.50%,1487,1.80%,1125306,1460168,28117,20437,11986,572984,2012490,0,0,,,0,0,140
23/07/2020,408052,236260,153,6093,165699,17-23 Jul,20,2632106,46632,13104,28.10%,281,307183,83831,4,307183,83831,27.29%,1.50%,1424,1.70%,1142787,1489319,17481,29151,11976,581967,2050139,0,0,,,0,0,141
24/07/2020,421996,245771,250,6343,169882,24-30 Jul,21,2684488,52382,13944,26.60%,266,,,,311435,84402,27.10%,1.50%,1539,1.80%,1163330,1521158,20543,31839,12057,593063,2091425,0,0,,,0,0,142
25/07/2020,434200,263054,312,6655,164491,24-30 Jul,21,2730812,46324,12204,26.30%,263,,,,308071,83321,27.05%,1.50%,1707,2.00%,1182695,1548117,19365,26959,11903,603570,2127242,0,0,,,0,0,143
26/07/2020,445433,265077,114,6769,173587,24-30 Jul,21,2773778,42966,11233,26.10%,261,,,,302031,81105,26.85%,1.50%,1736,2.10%,1199692,1574086,16997,25969,11586,611771,2162007,0,0,,,0,0,144
27/07/2020,452529,274925,298,7067,170537,24-30 Jul,21,2802211,28433,7096,25.00%,250,,,,296565,78901,26.60%,1.60%,1894,2.40%,1214431,1587780,14739,13694,11272,619652,2182559,0,0,,,0,0,145
28/07/2020,459761,287313,190,7257,165191,24-30 Jul,21,2830635,28424,7232,25.40%,254,,,,293714,77963,26.54%,1.60%,1889,2.40%,1229493,1601142,15062,13362,11138,627658,2202977,0,0,,,0,0,146
29/07/2020,471123,297967,240,7497,165659,24-30 Jul,21,2873163,42528,11362,26.70%,267,,,,287689,76175,26.48%,1.60%,1557,2.00%,1245658,1627505,16165,26363,10882,634780,2238383,0,0,,,0,0,147
30/07/2020,482169,309601,315,7812,164756,24-30 Jul,21,2918049,44886,11046,24.60%,246,285943,74117,4,285943,74117,25.92%,1.60%,1719,2.30%,1263768,1654281,18110,26776,10588,643737,2274312,0,0,,,0,0,148
31/07/2020,493183,326171,193,8005,159007,31 Jul-6 Aug,22,2959535,41486,11014,26.50%,265,,,,275047,71187,25.88%,1.60%,1662,2.30%,1280358,1679177,16590,24896,10170,651819,2307716,0,0,,,0,0,149
01/08/2020,503290,342461,148,8153,152676,31 Jul-6 Aug,22,3001985,42450,10107,23.80%,238,,,,271173,69090,25.48%,1.60%,1498,2.20%,1302411,1699574,22053,20397,9870,662115,2339870,0,0,,,0,0,150
02/08/2020,511485,347227,213,8366,155892,31 Jul-6 Aug,22,3036779,34794,8195,23.60%,236,,,,263001,66052,25.11%,1.60%,1597,2.40%,1316081,1720698,13670,21124,9436,668567,2368212,0,0,,,0,0,151
03/08/2020,516862,358037,173,8539,150286,31 Jul-6 Aug,22,3058695,21916,5377,24.50%,245,,,,256484,64333,25.08%,1.70%,1472,2.30%,1328757,1729938,12676,9240,9190,674477,2384218,0,0,,,0,0,152
04/08/2020,521318,363751,345,8884,148683,31 Jul-6 Aug,22,3078202,19507,4456,22.80%,228,,,,247567,61557,24.86%,1.70%,1627,2.60%,1337335,1740867,8578,10929,8794,677801,2400401,0,0,,,0,0,153
05/08/2020,529877,377266,414,9298,143313,31 Jul-6 Aug,22,3113191,34989,8559,24.50%,245,,,,240028,58754,24.48%,1.80%,1801,3.10%,1350212,1762979,12877,22112,8393,682594,2430597,0,0,,,0,0,154
06/08/2020,538184,387316,306,9604,141264,31 Jul-6 Aug,22,3149807,36616,8307,22.70%,227,231758,56015,4,231758,56015,24.17%,1.80%,1792,3.20%,1364659,1785148,14447,22169,8002,688549,2461258,0,0,,,0,0,155
07/08/2020,545476,394759,305,9909,140808,7-13 Aug,23,3183658,33851,7292,21.50%,215,,,,224123,52293,23.33%,1.80%,1904,3.60%,1380343,1803315,15684,18167,7470,694702,2488956,0,0,,,0,0,156
08/08/2020,553188,404568,301,10210,138410,7-13 Aug,23,3220265,36607,7712,21.10%,211,,,,218280,49898,22.86%,1.80%,2057,4.10%,1399291,1820974,18948,17659,7128,702441,2517824,0,0,,,0,0,157
09/08/2020,559858,411147,198,10408,138303,7-13 Aug,23,3250583,30318,6670,22.00%,220,,,,213804,48373,22.62%,1.90%,2042,4.20%,1415732,1834851,16441,13877,6910,708641,2541942,0,0,,,0,0,158
10/08/2020,563598,417200,213,10621,135777,7-13 Aug,23,3267494,16911,3740,22.10%,221,,,,208799,46736,22.38%,1.90%,2082,4.50%,1425520,1841974,9788,7123,6677,712799,2554695,0,0,,,0,0,159
11/08/2020,566109,426125,130,10751,129233,7-13 Aug,23,3278977,11483,2511,21.90%,219,,,,200775,44791,22.31%,1.90%,1867,4.20%,1431721,1847256,6201,5282,6399,715029,2563948,0,0,,,0,0,160
12/08/2020,568919,432029,259,11010,125880,7-13 Aug,23,3295434,16457,2810,17.10%,171,,,,182243,39042,21.42%,1.90%,1712,4.40%,1437466,1857968,5745,10712,5577,716073,2579361,0,0,,,0,0,161
13/08/2020,572865,437617,260,11270,123978,7-13 Aug,23,3315497,20063,3946,19.70%,197,165690,34681,5,165690,34681,20.93%,2.00%,1666,4.80%,1446822,1868675,9356,10707,4954,719343,2596154,0,0,,,0,0,162
14/08/2020,579140,461734,286,11556,105850,14-20 Aug,24,3351111,35614,6275,17.60%,176,,,,167453,33664,20.10%,2.00%,1647,4.90%,1458579,1892532,11757,23857,4809,723768,2627343,0,0,,,0,0,163
15/08/2020,583653,466941,121,11677,105035,14-20 Aug,24,3378029,26918,4513,16.80%,168,,,,157764,30465,19.31%,2.00%,1467,4.80%,1470467,1907562,11888,15030,4352,728952,2649077,0,0,,,0,0,164
16/08/2020,587345,472377,162,11839,103129,14-20 Aug,24,3400638,22609,3692,16.30%,163,,,,150055,27487,18.32%,2.00%,1431,5.20%,1480949,1919689,10482,12127,3927,732787,2667851,0,0,,,0,0,165
17/08/2020,589886,477671,143,11982,100233,14-20 Aug,24,3415670,15032,2541,16.90%,169,,,,148176,26288,17.74%,2.00%,1361,5.20%,1490112,1925558,9163,5869,3755,736220,2679450,0,0,,,0,0,166
18/08/2020,592144,485468,282,12264,94412,14-20 Aug,24,3430347,14677,2258,15.40%,154,,,,151370,26035,17.20%,2.10%,1513,5.80%,1495701,1934646,5589,9088,3719,737834,2692513,0,0,,,0,0,167
19/08/2020,596060,491441,159,12423,92196,14-20 Aug,24,3455671,25324,3916,15.50%,155,,,,160237,27141,16.94%,2.10%,1413,5.20%,1505119,1950552,9418,15906,3877,741092,2714579,0,0,,,0,0,168
20/08/2020,599940,497169,195,12618,90153,14-20 Aug,24,3480283,24612,3880,15.80%,158,164786,27075,6,164786,27075,16.43%,2.10%,1348,5.00%,1515606,1964677,10487,14125,3868,744834,2735449,0,0,,,0,0,169
21/08/2020,603338,500102,225,12843,90393,21-27 Aug,25,3504507,24224,3398,14.00%,140,,,,153396,24198,15.77%,2.10%,1287,5.30%,1526274,1978233,10668,13556,3457,748925,2755582,0,0,,,0,0,170
22/08/2020,607045,504127,144,12987,89931,21-27 Aug,25,3535067,30560,3707,12.10%,121,,,,157038,23392,14.90%,2.10%,1310,5.60%,1536200,1998867,9926,20634,3342,752821,2782246,0,0,,,0,0,171
23/08/2020,609773,506470,72,13059,90244,21-27 Aug,25,3553425,18358,2728,14.90%,149,,,,152787,22428,14.68%,2.10%,1220,5.40%,1544928,2008497,8728,9630,3204,756127,2797298,0,0,,,0,0,172
24/08/2020,611450,516494,100,13159,81797,21-27 Aug,25,3564065,10640,1677,15.80%,158,,,,148395,21564,14.53%,2.20%,1177,5.50%,1550179,2013886,5251,5389,3081,758146,2805919,0,0,,,0,0,173
25/08/2020,613017,520381,149,13308,79328,21-27 Aug,25,3578836,14771,1567,10.60%,106,,,,148489,20873,14.06%,2.20%,1044,5.00%,1553941,2024895,3762,8475,2982,759017,2819819,0,0,,,0,0,174
26/08/2020,615701,525242,194,13502,76957,21-27 Aug,25,3598973,20137,2684,13.30%,133,,,,143302,19641,13.71%,2.20%,1079,5.50%,1562237,2036736,8296,11841,2806,761553,2837420,0,0,,,0,0,175
27/08/2020,618286,531338,126,13628,73320,21-27 Aug,25,3617982,19009,2585,13.60%,136,137699,18346,8,137699,18346,13.32%,2.20%,1010,5.50%,1571534,2046448,9297,9712,2621,765109,2852873,0,0,,,0,0,176
28/08/2020,620132,533935,115,13743,72454,28 Aug-3 Sep,26,3632311,14329,1846,12.90%,129,,,,127804,16794,13.14%,2.20%,900,5.40%,1577995,2054316,6461,7868,2399,767293,2865018,0,0,,,0,0,177
29/08/2020,622551,536694,238,13981,71876,28 Aug-3 Sep,26,3652970,20659,2419,11.70%,117,,,,117903,15506,13.15%,2.20%,994,6.40%,1590304,2062666,12309,8350,2215,771797,2881173,0,0,,,0,0,178
30/08/2020,625056,538604,47,14028,72424,28 Aug-3 Sep,26,3674872,21902,2505,11.40%,114,,,,121447,15283,12.58%,2.20%,969,6.30%,1597779,2077093,7475,14427,2183,774191,2900681,0,0,,,0,0,179
31/08/2020,627041,540923,121,14149,71969,28 Aug-3 Sep,26,3693721,18849,1985,10.50%,105,,,,129656,15591,12.02%,2.30%,990,6.30%,1602156,2091565,4377,14472,2227,775668,2918053,0,0,,,0,0,180
01/09/2020,628259,549993,114,14263,64003,28 Aug-3 Sep,26,3705408,11687,1218,10.40%,104,,,,126572,15242,12.04%,2.30%,955,6.30%,1605871,2099537,3715,7972,2177,776483,2928925,0,0,,,0,0,181
02/09/2020,630595,553456,126,14389,62750,28 Aug-3 Sep,26,3726721,21313,2336,11.00%,110,,,,127748,14894,11.66%,2.30%,887,6.00%,1613353,2113368,7482,13831,2128,778128,2948593,0,0,,,0,0,182
03/09/2020,633015,554887,174,14563,63565,28 Aug-3 Sep,26,3747101,20380,2420,11.90%,119,129119,14729,9,129119,14729,11.41%,2.30%,935,6.30%,1621778,2125323,8425,11955,2104,780884,2966217,0,0,,,0,0,183
04/09/2020,635078,557818,115,14678,62582,4-10 Sep,27,3765700,18599,2063,11.10%,111,,,,133389,14946,11.20%,2.30%,935,6.30%,1629901,2135799,8123,10476,2135,783500,2982200,0,0,,,0,0,184
05/09/2020,636884,561204,101,14779,60901,4-10 Sep,27,3783823,18123,1806,10.00%,100,,,,130853,14333,10.95%,2.30%,798,5.60%,1637565,2146258,7664,10459,2048,785890,2997933,0,0,,,0,0,185
06/09/2020,638517,563891,110,14889,59737,4-10 Sep,27,3800190,16367,1633,10.00%,100,,,,125318,13461,10.74%,2.30%,861,6.40%,1644638,2155552,7073,9294,1923,788215,3011975,0,0,,,0,0,186
07/09/2020,639362,566555,115,15004,57803,4-10 Sep,27,3808949,8759,845,9.60%,96,,,,115228,12321,10.69%,2.30%,855,6.90%,1648340,2160609,3702,5057,1760,789373,3019576,0,0,,,0,0,187
08/09/2020,640441,567729,82,15086,57626,4-10 Sep,27,3821162,12213,1079,8.80%,88,,,,115754,12182,10.52%,2.40%,823,6.80%,1652341,2168821,4001,8212,1740,790127,3031035,0,0,,,0,0,188
09/09/2020,642431,569935,82,15168,57328,4-10 Sep,27,3842898,21736,1990,9.20%,92,,,,116177,11836,10.19%,2.40%,779,6.60%,1660183,2182715,7842,13894,1691,792101,3050797,0,0,,,0,0,189
10/09/2020,644438,573003,97,15265,56170,4-10 Sep,27,3863453,20555,2007,9.80%,98,116352,11423,10,116352,11423,9.82%,2.40%,702,6.10%,1669547,2193906,9364,11191,1632,795040,3068413,0,0,,,0,0,190
11/09/2020,646398,574587,113,15378,56433,11-17 Sep,28,3884166,20713,1960,9.50%,95,,,,118466,11320,9.56%,2.40%,700,6.20%,1679241,2204925,9694,11019,1617,798100,3086066,0,0,,,0,0,191
12/09/2020,648214,576423,49,15427,56364,11-17 Sep,28,3902786,18620,1816,9.80%,98,,,,118963,11330,9.52%,2.40%,648,5.70%,1688048,2214738,8807,9813,1619,800963,3101823,0,0,,,0,0,192
13/09/2020,649793,577906,20,15447,56440,11-17 Sep,28,3918478,15692,1579,10.10%,101,,,,118288,11276,9.53%,2.40%,558,4.90%,1696446,2222032,8398,7294,1611,804155,3114323,0,0,,,0,0,193
14/09/2020,650749,579289,52,15499,55961,11-17 Sep,28,3928614,10136,956,9.40%,94,,,,119665,11387,9.52%,2.40%,495,4.30%,1699967,2228647,3521,6615,1627,804873,3123741,0,0,,,0,0,194
15/09/2020,651521,583126,142,15641,52754,11-17 Sep,28,3940217,11603,772,6.70%,67,,,,119055,11080,9.31%,2.40%,555,5.00%,1703732,2236485,3765,7838,1583,804986,3135231,0,0,,,0,0,195
16/09/2020,653444,584195,64,15705,53544,11-17 Sep,28,3961179,20962,1923,9.20%,92,,,,118281,11013,9.31%,2.40%,537,4.90%,1712266,2248913,8534,12428,1573,807413,3153766,0,0,,,0,0,196
17/09/2020,655572,585303,67,15772,54497,11-17 Sep,28,3983533,22354,2128,9.50%,95,120080,11134,11,120080,11134,9.27%,2.40%,507,4.60%,1721161,2262372,8895,13459,1591,809878,3173655,0,0,,,0,0,197
18/09/2020,657627,586844,85,15857,54926,18-24 Sep,29,4003590,20057,2055,10.20%,102,,,,119424,11229,9.40%,2.40%,479,4.30%,1730752,2272838,9591,10466,1604,813303,3190287,0,0,,,0,0,198
19/09/2020,659656,589434,83,15940,54282,18-24 Sep,29,4024659,21069,2029,9.60%,96,,,,121873,11442,9.39%,2.40%,513,4.50%,1741254,2283405,10502,10567,1635,817123,3207536,0,0,,,0,0,199
20/09/2020,661211,590071,13,15953,55187,18-24 Sep,29,4041543,16884,1555,9.20%,92,,,,123065,11418,9.28%,2.40%,506,4.40%,1749671,2291872,8417,8467,1631,820279,3221264,0,0,,,0,0,200
21/09/2020,661936,591208,39,15992,54736,18-24 Sep,29,4047723,6180,725,11.70%,117,,,,119109,11187,9.39%,2.40%,493,4.40%,1754585,2293138,4914,1266,1598,822068,3225655,0,0,,,0,0,201
22/09/2020,663282,592904,126,16118,54260,18-24 Sep,29,4064117,16394,1346,8.20%,82,,,,123900,11761,9.49%,2.40%,477,4.10%,1759000,2305117,4415,11979,1680,,,0,0,,,0,0,202
23/09/2020,665188,594229,88,16206,54753,18-24 Sep,29,4083757,19640,1906,9.70%,97,,,,122578,11744,9.58%,2.40%,501,4.30%,1767187,2316570,8187,11453,1678,824954,3258803,0,0,,,0,0,203
24/09/2020,667049,595916,77,16283,54850,18-24 Sep,29,4102162,18405,1861,10.10%,101,118629,11477,10,118629,11477,9.67%,2.40%,511,4.50%,1775999,2326163,8812,9593,1640,827836,3274326,0,0,,,0,0,204
25/09/2020,668529,599149,29,16312,53068,25 Sep-1 Oct,30,4117079,14917,1480,9.90%,99,,,,113489,10902,9.61%,2.40%,455,4.20%,1784288,2332791,8289,6628,1557,830820,3286259,0,0,,,0,0,205
26/09/2020,669498,601818,64,16376,51304,25 Sep-1 Oct,30,4128438,11359,969,8.50%,85,,,,103779,9842,9.48%,2.40%,436,4.40%,1789061,2339377,4773,6586,1406,832464,3295974,0,0,,,0,0,206
27/09/2020,670766,603721,22,16398,50647,25 Sep-1 Oct,30,4143466,15028,1268,8.40%,84,,,,101923,9555,9.37%,2.40%,445,4.70%,1795367,2348099,6306,8722,1365,834472,3308994,0,0,,,0,0,207
28/09/2020,671669,604478,188,16586,50605,25 Sep-1 Oct,30,4152480,9014,903,10.00%,100,,,,104757,9733,9.29%,2.50%,594,6.10%,1799494,2352986,4127,4887,1390,835875,3316605,0,0,,,0,0,208
29/09/2020,672572,606520,81,16667,49385,25 Sep-1 Oct,30,4164491,12011,903,7.50%,75,,,,100374,9290,9.26%,2.50%,549,5.90%,1803114,2361377,3620,8391,1327,836480,3328011,0,0,,,0,0,209
30/09/2020,674339,608112,67,16734,49493,25 Sep-1 Oct,30,4187917,23426,1767,7.50%,75,,,,104160,9151,8.79%,2.50%,528,5.80%,1811195,2376722,8081,15345,1307,,,0,0,,,0,0,210
01/10/2020,676084,609854,132,16866,49364,25 Sep-1 Oct,30,4209049,21132,1745,8.30%,83,106887,9035,12,106887,9035,8.45%,2.50%,583,6.50%,1819294,2389755,8099,13033,1291,,,0,0,,,0,0,211
02/10/2020,677833,611044,43,16909,49880,2 Oct-8 Oct,31,4229709,20660,1749,8.50%,85,,,,112630,9304,8.26%,2.50%,597,6.40%,1828129,2401580,8835,11825,1329,,,0,0,,,0,0,212
03/10/2020,679716,612763,29,16938,50015,2 Oct-8 Oct,31,4251513,21804,1883,8.60%,86,,,,123075,10218,8.30%,2.50%,562,5.50%,1837237,2414276,9108,12696,1460,,,0,0,,,0,0,213
04/10/2020,681289,614781,38,16976,49532,2 Oct-8 Oct,31,4269626,18113,1573,8.70%,87,,,,126160,10523,8.34%,2.50%,578,5.50%,1844752,2424874,7515,10598,1503,,,0,0,,,0,0,214
05/10/2020,682215,615684,40,17016,49515,2 Oct-8 Oct,31,4280340,10714,926,8.60%,86,,,,127860,10546,8.25%,2.50%,430,4.10%,1849236,2431104,4484,6230,1507,,,0,0,,,0,0,215
06/10/2020,683242,616857,87,17103,49282,2 Oct-8 Oct,31,4294931,14591,1027,7.00%,70,,,,130440,10670,8.18%,2.50%,436,4.10%,1852866,2442065,3630,10961,1524,,,0,0,,,0,0,216
07/10/2020,685155,618127,145,17248,49780,2 Oct-8 Oct,31,4318514,23583,1913,8.10%,81,,,,130597,10816,8.28%,2.50%,514,4.80%,1860067,2458447,7201,16382,1545,,,0,0,,,0,0,217
08/10/2020,686891,618771,160,17408,50712,2 Oct-8 Oct,31,4339686,21172,1736,8.20%,82,130637,10807,12,130637,10807,8.27%,2.50%,542,5.00%,1866760,2472926,6693,14479,1544,,,0,0,,,0,0,218
09/10/2020,688532,620081,139,17547,50904,9 - 15 Oct,32,4360105,20419,1641,8.00%,80,,,,130396,10699,8.21%,2.50%,638,6.00%,1873862,2486243,7102,13317,1528,,,0,0,,,0,0,219
10/10/2020,690896,622153,126,17673,51070,9 - 15 Oct,32,4388171,28066,2364,8.40%,84,,,,136658,11180,8.18%,2.60%,735,6.60%,1889058,2499113,15196,12870,1597,,,0,0,,,0,0,220
11/10/2020,692471,623765,107,17780,50926,9 - 15 Oct,32,4407441,19270,1575,8.20%,82,,,,137815,11182,8.11%,2.60%,804,7.20%,1897136,2510305,8078,11192,1597,,,0,0,,,0,0,221
12/10/2020,693359,624659,83,17863,50837,9 - 15 Oct,32,4418418,10977,888,8.10%,81,,,,138078,11144,8.07%,2.60%,847,7.60%,1901679,2516739,4543,6434,1592,,,0,0,,,0,0,222
13/10/2020,694537,625574,165,18028,50935,9 - 15 Oct,32,4433952,15534,1178,7.60%,76,,,,139021,11295,8.12%,2.60%,925,8.20%,1905639,2528313,3960,11574,1614,,,0,0,,,0,0,223
14/10/2020,696414,626898,123,18151,51365,9 - 15 Oct,32,4458745,24793,1877,7.60%,76,,,,140231,11259,8.03%,2.60%,903,8.00%,1913378,2545367,7739,17054,1608,,,0,0,,,0,0,224
15/10/2020,698184,628301,158,18309,51574,9 - 15 Oct,32,4481354,22609,1770,7.80%,78,141668,11293,13,141668,11293,7.97%,2.60%,901,8.00%,1921622,2559732,8244,14365,1613,,,0,0,,,0,0,225
16/10/2020,700203,629260,61,18370,52573,16 - 22 Oct,33,4505533,24179,2019,8.40%,84,,,,145428,11671,8.03%,2.60%,823,7.10%,1930883,2574650,9261,14918,1667,,,0,0,,,0,0,226
17/10/2020,702131,630436,38,18408,53287,16 - 22 Oct,33,4528141,22608,1928,8.50%,85,,,,139970,11235,8.03%,2.60%,735,6.50%,1940353,2587788,9470,13138,1605,,,0,0,,,0,0,227
18/10/2020,703793,634543,23,18431,50819,16 - 22 Oct,33,4549478,21337,1662,7.80%,78,,,,142037,11322,7.97%,2.60%,651,5.70%,1949449,2600029,9096,12241,1617,,,0,0,,,0,0,228
19/10/2020,705254,635257,61,18492,51505,16 - 22 Oct,33,4565980,16502,1461,8.90%,89,,,,147562,11895,8.06%,2.60%,629,5.30%,1955303,2610677,5854,10648,1699,,,0,0,,,0,0,229
20/10/2020,706304,639568,164,18656,48080,16 - 22 Oct,33,4581346,15366,1050,6.80%,68,,,,147394,11767,7.98%,2.60%,628,5.30%,1959654,2621692,4351,11015,1681,,,0,0,,,0,0,230
21/10/2020,708359,641706,85,18741,47912,16 - 22 Oct,33,4607883,26537,2055,7.70%,77,,,,149138,11945,8.01%,2.60%,590,4.90%,1967758,2640125,8140,18433,1706,,,0,0,,,0,0,231
22/10/2020,710515,642560,102,18843,49112,16 - 22 Oct,33,4633671,25788,2156,8.40%,84,152317,12331,12,152317,12331,8.10%,2.70%,534,4.30%,1978131,2655540,10373,15415,1762,,,0,0,,,0,0,232
23/10/2020,712412,643523,48,18891,49998,23 - 29 Oct,34,4657116,23445,1897,8.10%,81,,,,151583,12209,8.05%,2.70%,521,4.30%,1988236,2668880,10105,13340,1744,,,0,0,,,0,0,233
24/10/2020,714246,644641,53,18944,50661,23 - 29 Oct,34,4677942,20826,1834,8.80%,88,,,,149801,12115,8.09%,2.70%,536,4.40%,1998017,2679925,9781,11045,1731,,,0,0,,,0,0,234
25/10/2020,715868,646170,24,18968,50730,23 - 29 Oct,34,4697939,19997,1622,8.10%,81,,,,148461,12075,8.13%,2.60%,537,4.40%,2007675,2690264,9658,10339,1725,,,0,0,,,0,0,235
26/10/2020,716759,646721,40,19008,51030,24 - 29 Oct,34,4709403,11464,891,7.80%,78,,,,143423,11505,8.02%,2.70%,516,4.50%,2012146,2697257,4471,6993,1644,,,0,0,,,0,0,236
27/10/2020,717851,647833,45,19053,50965,24 - 29 Oct,34,4726875,17472,1092,6.30%,63,,,,145529,11547,7.93%,2.70%,397,3.40%,2016203,2710672,4057,13415,1650,,,0,0,,,0,0,237
28/10/2020,719714,648654,58,19111,51949,24 - 29 Oct,34,4752596,25721,1863,7.20%,72,,,,144713,11355,7.85%,2.70%,370,3.30%,2024582,2728014,8379,17342,1622,,,0,0,,,0,0,238
29/10/2020,721770,649935,53,19164,52671,24 - 29 Oct,34,4777609,25013,2056,8.20%,82,143938,11255,13,143938,11255,7.82%,2.70%,321,2.90%,2033674,2743935,9092,15921,1608,,,0,0,,,0,0,239
30/10/2020,723682,653052,66,19230,51400,30 Oct - 5 N,35,4800823,23214,1912,8.20%,82,,,,143707,11270,7.84%,2.70%,339,3.00%,2042889,2757934,9215,13999,1610,,,0,0,,,0,0,240
31/10/2020,725452,654182,46,19276,51994,30 Oct - 5 N,35,4822973,22150,1770,8.00%,80,,,,145031,11206,7.73%,2.70%,332,3.00%,2051887,2771086,8998,13152,1601,,,0,0,,,0,0,241
01/11/2020,726823,655330,135,19411,52082,30 Oct - 5 N,35,4842516,19543,1371,7.00%,70,,,,144577,10955,7.58%,2.70%,443,4.00%,2059279,2783237,7392,12151,1565,,,0,0,,,0,0,242
02/11/2020,727595,657500,54,19465,50630,30 Oct - 5 N,35,4852918,10402,772,7.40%,74,,,,143515,10836,7.55%,2.70%,457,4.20%,2063363,2789555,4084,6318,1548,,,0,0,,,0,0,243
03/11/2020,728836,659249,74,19539,50048,30 Oct - 5 N,35,4868610,15692,1241,7.90%,79,,,,141735,10985,7.75%,2.70%,486,4.40%,2067767,2800843,4404,11288,1569,,,0,0,,,0,0,244
04/11/2020,730548,660185,46,19585,50778,30 Oct - 5 N,35,4893683,25073,1712,6.80%,68,,,,141087,10834,7.68%,2.70%,474,4.40%,2075398,2818285,7631,17442,1548,,,0,0,,,0,0,245
05/11/2020,732414,671579,92,19677,41158,30 Oct - 5 N,35,4917625,23942,1866,7.80%,78,140016,10644,13,140016,10644,7.60%,2.70%,513,4.80%,2084132,2833493,8734,15208,1521,,,0,0,,,0,0,246
06/11/2020,734175,675593,72,19749,38833,6-12 Nov,36,4940719,23094,1761,7.60%,76,,,,139896,10493,7.50%,2.70%,519,4.90%,2092941,2847778,8809,14285,1499,,,0,0,,,0,0,247
07/11/2020,735906,678738,40,19789,37379,6-12 Nov,36,4963174,22455,1731,7.70%,77,,,,140201,10454,7.46%,2.70%,513,4.90%,2101213,2861961,8272,14183,1493,,,0,0,,,0,0,248
08/11/2020,737278,679688,20,19809,37781,6-12 Nov,36,4980440,17266,1372,7.90%,79,,,,137924,10455,7.58%,2.70%,398,3.80%,2108871,2871569,7658,9608,1494,,,0,0,,,0,0,249
09/11/2020,738525,680726,36,19845,37954,6-12 Nov,36,4993081,12641,1247,9.90%,99,,,,140163,10930,7.80%,2.70%,380,3.50%,2114495,2878586,5624,7017,1561,,,0,0,,,0,0,250
10/11/2020,740254,683194,106,19951,37109,6-12 Nov,36,5010350,17269,1729,10.00%,100,,,,141740,11418,8.06%,2.70%,412,3.60%,2120693,2889657,6198,11071,1631,,,0,0,,,0,0,251
11/11/2020,742394,686458,60,20011,35925,6-12 Nov,36,5037782,27432,2140,7.80%,78,,,,144099,11846,8.22%,2.70%,426,3.60%,2129474,2908308,8781,18651,1692,,,0,0,,,0,0,252
12/11/2020,744732,690903,65,20076,33753,6-12 Nov,36,5063457,25675,2338,9.10%,91,145832,12318,12,145832,12318,8.45%,2.70%,399,3.20%,2138485,2924972,9011,16664,1760,,,0,0,,,0,0,253
13/11/2020,746945,692177,77,20153,34615,13-19 Nov,37,5086887,23430,2213,9.40%,94,,,,146168,12770,8.74%,2.70%,404,3.20%,2147865,2939022,9380,14050,1824,,,0,0,,,0,0,254
14/11/2020,749182,693261,53,20206,35715,13-19 Nov,37,5110384,23497,2237,9.50%,95,,,,147210,13276,9.02%,2.70%,417,3.10%,2156977,2953407,9112,14385,1897,,,0,0,,,0,0,255
15/11/2020,751024,693467,35,20241,37316,13-19 Nov,37,5130192,19808,1842,9.30%,93,,,,149752,13746,9.18%,2.70%,432,3.10%,0,0,0,0,1964,,,0,0,,,0,0,256
16/11/2020,752269,695496,73,20314,36459,13-19 Nov,37,5142947,12755,1245,9.80%,98,,,,149866,13744,9.17%,2.70%,469,3.40%,2170281,2972666,5272,7483,1963,,,0,0,,,0,0,257
17/11/2020,754256,696820,119,20433,37003,13-19 Nov,37,5160877,17930,1987,11.10%,111,,,,150527,14002,9.30%,2.70%,482,3.40%,2176791,2984086,6510,11420,2000,,,0,0,,,0,0,258
18/11/2020,757144,701534,123,20556,35054,13-19 Nov,37,5189580,28703,2888,10.10%,101,,,,151798,14750,9.72%,2.70%,545,3.70%,2186868,3002712,10077,18626,2107,,,0,0,,,0,0,259
19/11/2020,759658,702544,115,20671,36443,13-19 Nov,37,5214036,24456,2514,10.30%,103,150579,14926,10,150579,14926,9.91%,2.70%,595,4.00%,2196528,3017508,9660,14796,2132,,,0,0,,,0,0,260
20/11/2020,762763,707040,88,20759,34964,20-26 Nov,38,5243055,29019,3105,10.70%,107,,,,156168,15818,10.13%,2.70%,606,3.80%,2208350,3034705,11822,17197,2260,,,0,0,,,0,0,261
21/11/2020,765409,707784,86,20845,36780,20-26 Nov,38,5269062,26007,2646,10.20%,102,,,,158678,16227,10.23%,2.70%,639,3.90%,2218857,3050205,10507,15500,2318,,,0,0,,,0,0,262
22/11/2020,767679,710099,58,20903,36677,20-26 Nov,38,5290966,21904,2270,10.40%,104,,,,160774,16655,10.36%,2.70%,662,4.00%,2228109,3062857,9252,12652,2379,,,0,0,,,0,0,263
23/11/2020,769759,711195,65,20968,37596,20-26 Nov,38,5305343,14377,2080,14.50%,145,,,,162396,17490,10.77%,2.70%,654,3.70%,2235131,3070212,7022,7355,2499,,,0,0,,,0,0,264
24/11/2020,772252,716444,115,21083,34725,20-26 Nov,38,5325631,20288,2493,12.30%,123,,,,164754,17996,10.92%,2.70%,650,3.60%,2243391,3082240,8260,12028,2571,,,0,0,,,0,0,265
25/11/2020,775502,716444,118,21201,37857,20-26 Nov,38,5355068,29437,3250,11.00%,110,,,,165488,18358,11.09%,2.70%,645,3.50%,2253335,3101733,9944,19493,2623,,,0,0,,,0,0,266
26/11/2020,778571,716444,88,21289,40838,20-26 Nov,38,5383078,28010,3069,11.00%,110,169042,18913,9,169042,18913,11.19%,2.70%,618,3.30%,2263885,3119193,10550,17460,2702,,,0,0,,,0,0,267
27/11/2020,781941,722876,89,21378,37687,27 Nov-3 Dec,39,5350076,33002,3370,-10.20%,-102,,,,107021,19178,17.92%,2.70%,619,3.20%,0,0,0,0,2740,,,0,0,,,0,0,268
28/11/2020,785139,723347,61,21439,40353,27 Nov-3 Dec,39,5376488,26412,3198,12.10%,121,,,,107426,19730,18.37%,2.70%,594,3.00%,0,0,0,0,2819,,,0,0,,,0,0,269
29/11/2020,787702,730633,38,21477,35592,27 Nov-3 Dec,39,5398951,22463,2563,11.40%,114,,,,107985,20023,18.54%,2.70%,574,2.90%,0,0,0,0,2860,,,0,0,,,0,0,270
30/11/2020,790004,731242,58,21535,37227,27 Nov-3 Dec,39,5415565,16614,2302,13.90%,139,,,,110222,20245,18.37%,2.70%,567,2.80%,0,0,0,0,2892,,,0,0,,,0,0,271
01/12/2020,792299,732531,109,21644,38124,27 Nov-3 Dec,39,5435824,20259,2295,11.30%,113,,,,110193,20047,18.19%,2.70%,561,2.80%,0,0,0,0,2864,,,0,0,,,0,0,272
02/12/2020,796472,734305,65,21709,40458,27 Nov-3 Dec,39,5468670,32846,4173,12.70%,127,,,,113602,20970,18.46%,2.70%,508,2.40%,0,0,0,0,2996,,,0,0,,,0,0,273
03/12/2020,800872,739367,94,21803,39702,27 Nov-3 Dec,39,5500669,31999,4400,13.80%,138,117591,22301,5,117591,22301,18.96%,2.70%,514,2.30%,2330173,3170496,12723,19276,3186,,,0,0,,,0,0,274
04/12/2020,805804,740450,160,21963,43391,4 Dec-10 Dec,40,5534084,33415,4932,14.80%,148,,,,184008,23863,12.97%,2.70%,585,2.50%,2343777,3190307,13604,19811,3409,,,0,0,,,0,0,275
05/12/2020,810449,744298,104,22067,44084,4 Dec-10 Dec,40,5565928,31844,4645,14.60%,146,,,,189440,25310,13.36%,2.70%,628,2.50%,2356083,3209845,12306,19538,3616,,,0,0,,,0,0,276
06/12/2020,814565,744780,139,22206,47579,4 Dec-10 Dec,40,5592663,26735,4116,15.40%,154,,,,193712,26863,13.87%,2.70%,729,2.70%,2366763,3225900,10680,16055,3838,,,0,0,,,0,0,277
07/12/2020,817878,745750,43,22249,49879,4 Dec-10 Dec,40,5611915,19252,3313,17.20%,172,,,,196350,27874,14.20%,2.70%,714,2.60%,2376157,3235758,9394,9858,3982,,,0,0,,,0,0,278
08/12/2020,821889,753072,183,22432,46385,4 Dec-10 Dec,40,5640042,28127,4011,14.30%,143,,,,204218,29590,14.49%,2.70%,788,2.70%,2383722,3256320,7565,20562,4227,,,0,0,,,0,0,279
09/12/2020,828598,754658,142,22574,51366,4 Dec-10 Dec,40,5690263,50221,6709,13.40%,134,,,,221593,32126,14.50%,2.70%,865,2.70%,2407819,3282444,12900,25300,4589,,,0,0,,,0,0,280
10/12/2020,836764,756671,173,22747,57346,4 Dec-10 Dec,40,5735470,45207,8166,18.10%,181,234801,35892,7,234801,35892,15.29%,2.70%,944,2.60%,2426195,3309275,18376,26831,5127,,,0,0,,,0,0,281
11/12/2020,845083,758373,205,22952,63758,11 Dec-17 De,41,5779544,44074,8319,18.90%,189,,,,245460,39279,16.00%,2.70%,989,2.50%,2443811,3335733,17616,26458,5611,,,0,0,,,0,0,282
12/12/2020,852965,760118,154,23106,69741,11 Dec-17 De,41,5819755,40211,7882,19.60%,196,,,,253827,42516,16.75%,2.70%,1039,2.40%,2459186,3360569,15375,24836,6074,,,0,0,,,0,0,283
13/12/2020,860964,761011,170,23276,76677,11 Dec-17 De,41,5859178,39423,7999,20.30%,203,,,,266515,46399,17.41%,2.70%,1070,2.30%,2474584,3384594,15398,24025,6628,,,0,0,,,0,0,284
14/12/2020,866127,762746,175,23451,79930,11 Dec-17 De,41,5884227,25049,5163,20.60%,206,,,,272312,48249,17.72%,2.70%,1202,2.50%,2484742,3399485,10158,14891,6893,,,0,0,,,0,0,285
15/12/2020,873679,764977,210,23661,85041,11 Dec-17 De,41,5920574,36347,7552,20.80%,208,,,,280532,51790,18.46%,2.70%,1229,2.40%,2502250,3418324,17508,18839,7399,,,0,0,,,0,0,286
16/12/2020,883687,774585,166,23827,85275,11 Dec-17 De,41,5968692,48118,10008,20.80%,208,,,,278429,55089,19.79%,2.70%,1253,2.30%,2519678,3449014,17428,30690,7870,,,0,0,,,0,0,287
17/12/2020,892813,780313,184,24011,88489,11 Dec-17 De,41,6011235,42543,9126,21.50%,215,275765,56049,5,275765,56049,20.32%,2.70%,1264,2.30%,2535938,3475297,16260,26283,8007,,,0,0,,,0,0,288
18/12/2020,901538,783818,274,24285,93435,18 Dec-24 De,42,6051986,40751,8725,21.40%,214,,,,272442,56455,20.72%,2.70%,1333,2.40%,2550532,3501454,14594,26157,8065,,,0,0,,,0,0,289
19/12/2020,912477,787782,254,24539,100156,18 Dec-24 De,42,6100373,48387,10939,22.60%,226,,,,280618,59512,21.21%,2.70%,1433,2.40%,2567297,3533076,16765,31622,8502,,,0,0,,,0,0,290
20/12/2020,921922,793914,152,24691,103317,18 Dec-24 De,42,6140839,40466,9445,23.30%,233,,,,281661,60958,21.64%,2.70%,1415,2.30%,2584057,3556782,16760,23706,8708,,,0,0,,,0,0,291
21/12/2020,930711,796346,216,24907,109458,18 Dec-24 De,42,6176683,35844,8789,24.50%,245,,,,292456,64584,22.08%,2.70%,1456,2.30%,2600394,3576289,16337,19507,9226,,,0,0,,,0,0,292
22/12/2020,940212,808241,339,25246,106725,18 Dec-24 De,42,6215728,39045,9501,24.30%,243,,,,295154,66533,22.54%,2.70%,1585,2.40%,2615185,3600543,14791,24254,9505,,,0,0,,,0,0,293
23/12/2020,954258,811372,411,25657,117229,18 Dec-24 De,42,6269776,54048,14046,26.00%,260,,,,301084,70571,23.44%,2.70%,1830,2.60%,2631138,3638638,15953,38095,10082,,,0,0,,,0,0,294
24/12/2020,968563,822978,326,25983,119602,18 Dec-24 De,42,6325784,56008,14305,25.50%,255,314549,75750,4,314549,75750,24.08%,2.70%,1972,2.60%,2649451,3676333,18313,37695,10821,,,0,0,,,0,0,295
25/12/2020,983359,830251,293,26276,126832,25 Dec-31 De,43,6378007,52223,14796,28.30%,283,,,,326021,81821,25.10%,2.70%,1991,2.40%,2669615,3708392,20164,32059,11689,,,0,0,,,0,0,296
26/12/2020,994911,839194,245,26521,129196,25 Dec-31 De,43,6415824,37817,11552,30.50%,305,,,,315451,82434,26.13%,2.70%,1982,2.40%,2687151,3728673,17536,20281,11776,,,0,0,,,0,0,297
27/12/2020,1004413,844874,214,26735,132804,25 Dec-31 De,43,6445318,29494,9502,32.20%,322,,,,304479,82491,27.09%,2.70%,2044,2.50%,2703151,3742167,16000,13494,11784,,,0,0,,,0,0,298
28/12/2020,1011871,849974,336,27071,134826,25 Dec-31 De,43,6469025,23707,7458,31.50%,315,,,,292342,81160,27.76%,2.70%,2164,2.70%,2714068,3754957,10917,12790,11594,,,0,0,,,0,0,299
29/12/2020,1021451,858456,497,27568,135427,25 Dec-31 De,43,6500482,31457,9580,30.50%,305,,,,284754,81239,28.53%,2.70%,2322,2.90%,2727119,3773363,13051,18406,11606,,,0,0,,,0,0,300
30/12/2020,1039161,867597,465,28033,143531,25 Dec-31 De,43,6553761,53279,17710,33.20%,332,,,,283985,84903,29.90%,2.70%,2376,2.80%,2747340,3806421,20221,33058,12129,,,0,0,,,0,0,301
31/12/2020,1057161,879671,436,28469,149021,25 Dec-31 De,43,6609208,55447,18000,32.50%,325,283424,88598,3,283424,88598,31.26%,2.70%,2486,2.80%,2769939,3839269,22599,32848,12657,,,0,0,,,0,0,302
01/01/2021,1073887,887701,418,28887,157299,1-7 Jan,44,6659318,50110,16726,33.40%,334,,,,281311,90528,32.18%,2.70%,2611,2.90%,2790661,3868657,20722,29388,12933,,,0,0,,,0,0,303
02/01/2021,1088889,897704,288,29175,162010,1-7 Jan,44,6706231,46913,15002,32.00%,320,,,,290407,93978,32.36%,2.70%,2654,2.80%,2814363,3891868,23702,23211,13425,,,0,0,,,0,0,304
03/01/2021,1100748,903679,402,29577,167492,1-7 Jan,44,6742853,36622,11859,32.40%,324,,,,297535,96335,32.38%,2.70%,2842,3.00%,2833913,3908940,19550,17072,13762,,,0,0,,,0,0,305
04/01/2021,1113349,911573,434,30011,171765,1-7 Jan,44,6780272,37419,12601,33.70%,337,,,,311247,101478,32.60%,2.70%,2940,2.90%,2850976,3929296,17063,20356,14497,,,0,0,,,0,0,306
05/01/2021,1127759,920879,513,30524,176356,1-7 Jan,44,6828147,47875,14410,30.10%,301,,,,327665,106308,32.44%,2.70%,2956,2.80%,2869824,3958323,18848,29027,15187,,,0,0,,,0,0,307
06/01/2021,1149591,929239,844,31368,188984,1-7 Jan,44,6898207,70060,21832,31.20%,312,,,,344446,110430,32.06%,2.70%,3335,3.00%,2896009,4002198,26185,43875,15776,,,0,0,,,0,0,308
07/01/2021,1170590,938216,441,31809,200565,1-7 Jan,44,6967478,69271,20999,30.30%,303,358270,113429,3,358270,113429,31.66%,2.70%,3340,2.90%,2924158,4043320,28149,41122,16204,,,0,0,,,0,0,309
08/01/2021,1192570,947919,616,32425,212226,8-14 Jan,45,7043680,76202,21980,28.80%,288,,,,384362,118683,30.88%,2.70%,3538,3.00%,2953614,4090066,29456,46746,16955,,,0,0,,,0,0,310
09/01/2021,1214176,956712,399,32824,224640,8-14 Jan,45,7120847,77167,21606,28.00%,280,,,,414616,125287,30.22%,2.70%,3649,2.90%,2982263,4138584,28649,48518,17898,,,0,0,,,0,0,311
10/01/2021,1231597,966368,339,33163,232066,8-14 Jan,45,7183893,63046,17421,27.60%,276,,,,441040,130849,29.67%,2.70%,3586,2.70%,3009229,4174664,26966,36080,18693,,,0,0,,,0,0,312
11/01/2021,1246643,973265,416,33579,239799,8-14 Jan,45,7236389,52496,15046,28.70%,287,,,,456117,133294,29.22%,2.70%,3568,2.70%,3039805,4196584,30576,21920,19042,,,0,0,,,0,0,313
12/01/2021,1259748,1019123,755,34334,206291,8-14 Jan,45,7287060,50671,13105,25.90%,259,,,,458913,131989,28.76%,2.70%,3810,2.90%,3067986,4219074,28181,22490,18856,,,0,0,,,0,0,314
13/01/2021,1278303,1030930,806,35140,212233,8-14 Jan,45,7358741,71681,18555,25.90%,259,,,,460534,128712,27.95%,2.70%,3772,2.90%,3099451,4259290,31465,40216,18387,,,0,0,,,0,0,315
14/01/2021,1296806,1049740,712,35852,211214,8-14 Jan,45,7433571,74830,18503,24.70%,247,466093,126216,4,466093,126216,27.08%,2.80%,4043,3.20%,3131783,4301788,32332,42498,18031,,,0,0,,,0,0,316
15/01/2021,1311686,1062690,615,36467,212529,15-21 Jan,46,7498780,65209,14880,22.80%,228,,,,455100,119116,26.17%,2.80%,4042,3.40%,3163696,4335084,31913,33296,17017,,,0,0,,,0,0,317
16/01/2021,1325659,1083978,384,36851,204830,15-21 Jan,46,7558774,59994,13973,23.30%,233,,,,437927,111483,25.46%,2.80%,4027,3.60%,3195491,4363283,31795,28199,15926,,,0,0,,,0,0,318
17/01/2021,1337926,1098441,254,37105,202380,15-21 Jan,46,7613470,54696,12267,22.40%,224,,,,429577,106329,24.75%,2.80%,3942,3.70%,3222415,4391055,26924,27772,15190,,,0,0,,,0,0,319
18/01/2021,1346936,1117452,344,37449,192035,15-21 Jan,46,7653371,39901,9010,22.60%,226,,,,416982,100293,24.05%,2.80%,3870,3.90%,3249631,4403740,27216,12685,14328,,,0,0,,,0,0,320
19/01/2021,1356716,1144857,839,38288,173571,15-21 Jan,46,7700019,46648,9780,21.00%,210,,,,412959,96968,23.48%,2.80%,3954,4.10%,3274345,4425674,24714,21934,13853,,,0,0,,,0,0,321
20/01/2021,1369426,1160412,566,38854,170160,15-21 Jan,46,7762073,62054,12710,20.50%,205,,,,403332,91123,22.59%,2.80%,3714,4.10%,3303521,4458552,29176,32878,13018,,,0,0,,,0,0,322
21/01/2021,1380807,1183443,647,39501,157863,15-21 Jan,46,7820613,58540,11381,19.40%,194,387042,84001,5,387042,84001,21.70%,2.90%,3649,4.30%,3335142,4485471,31621,26919,12000,,,0,0,,,0,0,323
22/01/2021,1392568,1201284,575,40076,151208,22-28 Jan,47,7882846,62233,11761,18.90%,189,,,,384066,80882,21.06%,2.90%,3609,4.50%,3369311,4513553,34169,28082,11555,,,0,0,,,0,0,324
23/01/2021,1404839,1217492,498,40574,146773,22-28 Jan,47,7947007,64161,12271,19.10%,191,,,,388233,79180,20.39%,2.90%,3723,4.70%,3403081,4543926,33770,30373,11311,,,0,0,,,0,0,325
24/01/2021,1412986,1230520,300,40874,141592,22-28 Jan,47,7993126,46119,8147,17.70%,177,,,,379656,75060,19.77%,2.90%,3769,5.00%,3429285,4563841,26204,19915,10723,,,0,0,,,0,0,326
25/01/2021,1417537,1241421,243,41117,134999,22-28 Jan,47,8019239,26113,4551,17.40%,174,,,,365868,70601,19.30%,2.90%,3668,5.20%,3445389,4573850,16104,10009,10086,,,0,0,,,0,0,327
26/01/2021,1423578,1254674,680,41797,127107,22-28 Jan,47,8058768,39529,6041,15.30%,153,,,,358749,66862,18.64%,2.90%,3509,5.20%,3470127,4588641,24738,14791,9552,,,0,0,,,0,0,328
27/01/2021,1430648,1263476,753,42550,124622,22-28 Jan,47,8107833,49065,7070,14.40%,144,,,,345760,61222,17.71%,3.00%,3696,6.00%,3493566,4614267,23439,25626,8746,,,0,0,,,0,0,329
28/01/2021,1437798,1272197,555,43105,122496,22-28 Jan,47,8156239,48406,7150,14.80%,148,335626,56991,6,335626,56991,16.98%,3.00%,3604,6.30%,3519171,4637068,25605,22801,8142,,,0,0,,,0,0,330
29/01/2021,1443939,1284781,528,43633,115525,29 Jan-4 Feb,48,8203584,47345,6141,13.00%,130,,,,320738,51371,16.02%,3.00%,3557,6.90%,3544459,4659125,25288,22057,7339,,,0,0,,,0,0,331
30/01/2021,1449236,1292921,318,43951,112364,29 Jan-4 Feb,48,8245124,41540,5297,12.80%,128,,,,298117,44397,14.89%,3.00%,3377,7.60%,3566611,4678513,22152,19388,6342,,,0,0,,,0,0,332
31/01/2021,1453761,1299620,213,44164,109977,29 Jan-4 Feb,48,8279200,34076,4525,13.30%,133,,,,286074,40775,14.25%,3.00%,3290,8.10%,3586219,4692981,19608,14468,5825,,,0,0,,,0,0,333
01/02/2021,1456309,1306022,235,44399,105888,29 Jan-4 Feb,48,8300749,21549,2548,11.80%,118,,,,281510,38772,13.77%,3.00%,3282,8.50%,3599355,4701394,13136,8413,5539,,,0,0,,,0,0,334
02/02/2021,1458958,1318504,547,44946,95508,29 Jan-4 Feb,48,8329691,28942,2649,9.20%,92,,,,270923,35380,13.06%,3.10%,3149,8.90%,3613656,4716035,14301,14641,5054,,,0,0,,,0,0,335
03/02/2021,1463016,1323680,398,45344,93992,29 Jan-4 Feb,48,8369287,39596,4058,10.20%,102,,,,261454,32368,12.38%,3.10%,2794,8.60%,3632022,4737265,18366,21230,4624,,,0,0,,,0,0,336
04/02/2021,1466767,1327186,261,45605,93976,29 Jan-4 Feb,48,8400319,31032,3751,12.10%,121,244080,28969,8,244080,28969,11.87%,3.10%,2500,8.60%,3648189,4752130,16167,14865,4138,,,0,0,,,0,0,337
05/02/2021,1470516,1335618,297,45902,88996,5-11 Feb,49,8436569,36250,3749,10.30%,103,,,,232985,26577,11.41%,3.10%,2269,8.50%,3668257,4768312,20068,16182,3797,,,0,0,,,0,0,338
06/02/2021,1473700,1340497,278,46180,87023,5-11 Feb,49,8469756,33187,3184,9.60%,96,,,,224632,24464,10.89%,3.10%,2229,9.10%,3686174,4783582,17917,15270,3495,,,0,0,,,0,0,339
07/02/2021,1476135,1360204,110,46290,69641,5-11 Feb,49,8495811,26055,2435,9.30%,93,,,,216611,22374,10.33%,3.10%,2126,9.50%,3699313,4796498,13139,12916,3196,,,0,0,,,0,0,340
08/02/2021,1477511,1363947,183,46473,67091,5-11 Feb,49,8511410,15599,1376,8.80%,88,,,,210661,21202,10.06%,3.10%,2074,9.80%,3707512,4803898,8199,7400,3029,,,0,0,,,0,0,341
09/02/2021,1479253,1367247,396,46869,65137,5-11 Feb,49,8538269,26859,1742,6.50%,65,,,,208578,20295,9.73%,3.20%,1923,9.50%,3717913,4820356,10401,16458,2899,,,0,0,,,0,0,342
10/02/2021,1482412,1367247,276,47145,68020,5-11 Feb,49,8573464,35195,3159,9.00%,90,,,,204177,19396,9.50%,3.20%,1801,9.30%,3732667,4840797,14754,20441,2771,,,0,0,,,0,0,343
11/02/2021,1484900,1377980,237,47382,59538,5-11 Feb,49,8605729,32265,2488,7.70%,77,205410,18133,11,205410,18133,8.83%,3.20%,1777,9.80%,3748764,4856965,16097,16168,2590,,,0,0,,,0,0,344
12/02/2021,1487681,1383626,288,47670,56385,12-18 Feb,50,8641447,35718,2781,7.80%,78,,,,204878,17165,8.38%,3.20%,1768,10.30%,3767784,4873663,19020,16698,2452,,,0,0,,,0,0,345
13/02/2021,1490063,1385996,151,47821,56246,12-18 Feb,50,8672596,31149,2382,7.60%,76,,,,202840,16363,8.07%,3.20%,1641,10.00%,3782995,4889601,15211,15938,2338,,,0,0,,,0,0,346
14/02/2021,1491807,1388321,78,47899,55587,12-18 Feb,50,8697066,24470,1744,7.10%,71,,,,201255,15672,7.79%,3.20%,1609,10.30%,3795785,4901281,12790,11680,2239,,,0,0,,,0,0,347
15/02/2021,1492909,1391155,195,48094,53660,12-18 Feb,50,8712844,15778,1102,7.00%,70,,,,201434,15398,7.64%,3.20%,1621,10.50%,3804202,4908642,8417,7361,2200,,,0,0,,,0,0,348
16/02/2021,1494119,1396951,219,48313,48855,12-18 Feb,50,8737330,24486,1210,4.90%,49,,,,199061,14866,7.47%,3.20%,1444,9.70%,3814076,4923254,9874,14612,2124,,,0,0,,,0,0,349
17/02/2021,1496439,1399829,165,48478,48132,12-18 Feb,50,8772743,35413,2320,6.60%,66,,,,199279,14027,7.04%,3.20%,1333,9.50%,3829191,4943552,15115,20298,2004,,,0,0,,,0,0,350
18/02/2021,1498766,1403214,230,48708,46844,12-18 Feb,50,8807299,34556,2327,6.70%,67,201570,13866,15,201570,13866,6.88%,3.20%,1326,9.60%,3845243,4962056,16052,18504,1981,,,2260,2260,,,0,0,351
19/02/2021,1500677,1406907,151,48859,44911,19-25 Feb,51,8838937,31638,1911,6.00%,60,,,,197490,12996,6.58%,3.30%,1189,9.10%,3859930,4979007,14687,16951,1857,,,6524,4264,,,0,0,352
20/02/2021,1502367,1409553,81,48940,43874,19-25 Feb,51,8867659,28722,1690,5.90%,59,,,,195063,12304,6.31%,3.30%,1119,9.10%,3873044,4994615,13114,15608,1758,,,10414,3890,,,0,0,353
21/02/2021,1503796,1412015,113,49053,42728,19-25 Feb,51,8892515,24856,1429,5.70%,57,,,,195449,11989,6.13%,3.30%,1154,9.60%,3884346,5008169,11302,13554,1713,,,15388,4974,,,0,0,354
22/02/2021,1504588,1413566,97,49150,41872,19-25 Feb,51,8907857,15342,792,5.20%,52,,,,195013,11679,5.99%,3.30%,1056,9.00%,3891925,5015932,7579,7763,1668,,,23059,7671,,,0,0,355
23/02/2021,1505586,1419459,263,49413,36714,19-25 Feb,51,8932950,25093,998,4.00%,40,,,,195620,11467,5.86%,3.30%,1100,9.60%,3900926,5032024,9001,16092,1638,,,32315,9256,,,0,0,356
24/02/2021,1507448,1422622,110,49523,35303,19-25 Feb,51,8967460,34510,1862,5.40%,54,,,,194717,11009,5.65%,3.30%,1045,9.50%,3915283,5052177,14357,16092,1573,,,41809,9494,,,0,0,357
25/02/2021,1509124,1424401,144,49667,35056,19-25 Feb,51,8999322,31862,1676,5.30%,53,192023,10358,19,192023,10358,5.39%,3.30%,959,9.30%,3929707,5069615,14424,17438,1480,,,52647,10838,,,0,0,358
26/02/2021,1510778,1426417,117,49784,34577,26 Feb-4 Mar,52,9028074,28752,1654,5.80%,58,,,,189137,10101,5.34%,3.30%,925,9.20%,3943539,5084535,13832,14920,1443,,,63648,11001,,,0,0,359
27/02/2021,1512225,1429047,157,49941,33237,26 Feb-4 Mar,52,9054643,26569,1447,5.40%,54,,,,186984,9858,5.27%,3.30%,1001,10.20%,3955940,5098703,12401,14168,1408,,,67303,3655,,,0,0,360
28/02/2021,1513393,1430259,52,49993,33141,26 Feb-4 Mar,52,9077479,22836,1168,5.10%,51,,,,184964,9597,5.19%,3.30%,940,9.80%,3966304,5111175,10364,12472,1371,,,70527,3224,,,0,0,361
01/03/2021,1513959,1431336,84,50077,32546,26 Feb-4 Mar,52,9090273,12794,566,4.40%,44,,,,182416,9371,5.14%,3.30%,927,9.90%,3972394,5117879,6090,6704,1339,,,73047,2520,,,0,0,362
02/03/2021,1514815,1433320,194,50271,31224,26 Feb-4 Mar,52,9114026,23753,856,3.60%,36,,,,181076,9229,5.10%,3.30%,858,9.30%,3980691,5133335,8297,15456,1318,,,76037,2990,,,0,0,363
03/03/2021,1516262,1434772,95,50366,31124,26 Feb-4 Mar,52,9147524,33498,1447,4.30%,43,,,,180064,8814,4.89%,3.30%,843,9.60%,3993914,5153610,13223,20275,1259,,,83570,7533,,,0,0,364
04/03/2021,1517666,1436010,96,50462,31194,26 Feb-4 Mar,52,9178323,30799,1404,4.60%,46,179001,8542,21,179001,8542,4.77%,3.30%,795,9.30%,4008182,5170141,14268,16531,1220,,,92029,8459,,,0,0,365
05/03/2021,1518979,1437050,104,50566,31363,5-11 Mar,53,9207347,29024,1313,4.50%,45,,,,179273,8201,4.57%,3.30%,782,9.50%,4022264,5185083,14082,14942,1172,,,100180,8151,,,0,0,366
06/03/2021,1520206,1439515,81,50647,30044,5-11 Mar,53,9236503,29156,1227,4.20%,42,,,,181860,7981,4.39%,3.30%,706,8.80%,4036487,5200016,14223,14933,1140,,,101573,1393,,,0,0,367
07/03/2021,1521068,1440874,31,50678,29516,5-11 Mar,53,9255492,18989,862,4.50%,45,,,,178013,7675,4.31%,3.30%,685,8.90%,4048154,5207338,11667,7322,1096,,,101841,268,,,0,0,368
08/03/2021,1521706,1442045,125,50803,28858,5-11 Mar,53,9269122,13630,638,4.70%,47,,,,178849,7747,4.33%,3.30%,726,9.40%,4055950,5213172,7796,5834,1107,,,107054,5213,,,0,0,369
09/03/2021,1522697,1444282,103,50906,27509,5-11 Mar,53,9299884,30762,991,3.20%,32,,,,185858,7882,4.24%,3.30%,635,8.10%,4064838,5235046,8888,21874,1126,,,118247,11193,,,0,0,370
10/03/2021,1524174,1445979,109,51015,27180,5-11 Mar,53,9336101,36217,1477,4.10%,41,,,,188577,7912,4.20%,3.30%,649,8.20%,4078529,5257572,13691,22526,1130,,,128887,10640,,,0,0,371
11/03/2021,1525648,1447503,95,51110,27035,5-11 Mar,53,9369594,33493,1474,4.40%,44,191271,7982,24,191271,7982,4.17%,3.40%,648,8.10%,4094291,5275303,15762,17731,1140,,,138014,9127,,,0,0,372
12/03/2021,1526873,1449654,69,51179,26040,12-18 Mar,54,9393727,24133,1225,5.10%,51,,,,186380,7894,4.24%,3.40%,613,7.80%,4104386,5289341,10095,14038,1128,,,145215,7201,,,0,0,373
13/03/2021,1528414,1452988,82,51261,24165,12-18 Mar,54,9426589,32862,1541,4.70%,47,,,,190086,8208,4.32%,3.40%,614,7.50%,4121514,5305075,17128,15734,1173,,,145544,329,,,0,0,374
14/03/2021,1529420,1454290,65,51326,23804,12-18 Mar,54,9450492,23903,1006,4.20%,42,,,,195000,8352,4.28%,3.40%,648,7.80%,4134737,5315755,13223,10680,1193,,,145544,0,,,0,0,375
15/03/2021,1530033,1455325,95,51421,23287,12-18 Mar,54,9465515,15023,613,4.10%,41,,,,196393,8327,4.24%,3.40%,618,7.40%,4142414,5323101,7677,7346,1190,,,147753,2209,,,0,0,376
16/03/2021,1530966,1458001,139,51560,21405,12-18 Mar,54,9490435,24920,933,3.70%,37,,,,190551,8269,4.34%,3.40%,654,7.90%,4152522,5337913,10108,14812,1181,,,157286,9533,,,0,0,377
17/03/2021,1532497,1459056,74,51634,21807,12-18 Mar,54,9524854,34419,1531,4.40%,44,,,,188753,8323,4.41%,3.40%,619,7.40%,4167927,5356927,15405,19014,1189,,,168413,11127,,,0,0,378
18/03/2021,1533961,1459894,90,51724,22343,12-18 Mar,54,9556404,31550,1464,4.60%,46,186810,8313,22,186810,8313,4.45%,3.40%,614,7.40%,4183368,5373036,15441,16109,1188,,,177275,8862,,,0,0,379
19/03/2021,1535423,1461196,311,52035,22192,19-25 Mar,55,9584923,28519,1462,5.10%,51,,,,191196,8550,4.47%,3.40%,856,10.00%,4196790,5388133,13422,15097,1221,,,182983,5708,,,0,0,380
20/03/2021,1536801,1462110,47,52082,22609,19-25 Mar,55,9611262,26339,1378,5.20%,52,,,,184673,8387,4.54%,3.40%,821,9.80%,4211176,5400086,14386,11953,1198,,,182983,0,,,0,0,381
21/03/2021,1537852,1463089,29,52111,22652,19-25 Mar,55,9635287,24025,1051,4.40%,44,,,,184795,8432,4.56%,3.40%,785,9.30%,4224798,5410489,13622,10403,1205,,,182983,0,,,0,0,382
22/03/2021,1538451,1463953,85,52196,22302,19-25 Mar,55,9649219,13932,599,4.30%,43,,,,183704,8418,4.58%,3.40%,775,9.20%,4231781,5417438,6983,6949,1203,,,182983,0,,,0,0,383
23/03/2021,1538961,1465204,55,52251,21506,19-25 Mar,55,9665664,16445,510,3.10%,31,,,,175229,7995,4.56%,3.40%,691,8.60%,4239241,5426423,7460,8985,1142,,,194257,11274,,,0,0,384
24/03/2021,1540009,1466595,121,52372,21042,19-25 Mar,55,9690819,25155,1048,4.20%,42,,,,165965,7512,4.53%,3.40%,738,9.80%,4249963,5440856,10722,14433,1073,,,207808,13551,,,0,0,385
25/03/2021,1541563,1467254,163,52535,21774,19-25 Mar,55,9722821,32002,1554,4.90%,49,166417,7602,22,166417,7602,4.57%,3.40%,811,10.70%,4263887,5458934,13924,18078,1086,,,220129,12321,,,0,0,386
26/03/2021,1543079,1469565,67,52602,20912,26 Mar-1 Apr,56,9752061,29240,1516,5.20%,52,,,,167138,7656,4.58%,3.40%,567,7.40%,4277294,5474767,13407,15833,1094,,,231002,10873,,,0,0,387
27/03/2021,1544466,1471164,46,52648,20654,26 Mar-1 Apr,56,9779614,27553,1387,5.00%,50,,,,168352,7665,4.55%,3.40%,566,7.40%,4290080,5489534,12786,14767,1095,,,231605,603,,,0,0,388
28/03/2021,1545431,1471899,15,52663,20869,26 Mar-1 Apr,56,9803871,24257,965,4.00%,40,,,,168584,7579,4.50%,3.40%,552,7.30%,4301458,5502413,11377,12879,1083,,,231605,0,,,0,0,389
29/03/2021,1545979,1472645,47,52710,20624,26 Mar-1 Apr,56,9819994,16123,548,3.40%,34,,,,170775,7528,4.41%,3.40%,514,6.80%,4308573,5511419,7117,9006,1075,,,239665,8060,,,0,0,390
30/03/2021,1546735,1473588,78,52788,20359,26 Mar-1 Apr,56,9844835,24841,756,3.00%,30,,,,179171,7774,4.34%,3.40%,537,6.90%,4317756,5527079,9183,15659,1111,,,251707,12042,,,0,0,391
31/03/2021,1548157,1474319,58,52846,20992,26 Mar-1 Apr,56,9879348,34513,1422,4.10%,41,,,,188529,8148,4.32%,3.40%,474,5.80%,4330538,5548810,12782,21731,1164,,,263878,12171,,,0,0,392
01/04/2021,1549451,1474826,51,52897,21728,26 Mar-1 Apr,56,9912073,32725,1294,4.00%,40,189252,7888,24,189252,7888,4.17%,3.40%,362,4.60%,4345066,5567007,14528,18197,1127,,,269102,5224,,,0,0,393
02/04/2021,1550724,1475398,49,52946,22380,2-8 Apr,57,9939695,27622,1273,4.60%,46,,,,187634,7645,4.07%,3.40%,344,4.50%,4357943,5581752,12877,14745,1092,,,269102,0,,,0,0,394
03/04/2021,1551501,1476605,8,52954,21942,2-8 Apr,57,9956086,16391,777,4.70%,47,,,,176472,7035,3.99%,3.40%,306,4.30%,4366556,5589530,8613,7778,1005,,,269102,0,,,0,0,395
04/04/2021,1551964,1477363,33,52987,21614,2-8 Apr,57,9968203,12117,463,3.80%,38,,,,164332,6533,3.98%,3.40%,324,5.00%,4371787,5596416,5231,6886,933,,,269102,0,,,0,0,396
05/04/2021,1552416,1478088,8,52995,21333,2-8 Apr,57,9979294,11091,452,4.10%,41,,,,159300,6437,4.04%,3.40%,285,4.40%,4374872,5604422,3085,8006,920,,,269102,0,,,0,0,397
06/04/2021,1552853,1478820,37,53032,21001,2-8 Apr,57,9995431,16137,437,2.70%,27,,,,150596,6118,4.06%,3.40%,244,4.00%,4381991,5613440,7119,9018,874,,,272438,3336,,,0,0,398
07/04/2021,1553609,1479821,79,53111,20677,2-8 Apr,57,10020025,24594,756,3.10%,31,,,,140677,5452,3.88%,3.40%,265,4.90%,4391338,5628687,9347,15247,779,,,278909,6471,,,0,0,399
08/04/2021,1554975,1480632,62,53173,21170,2-8 Apr,57,10055899,35874,1366,3.80%,38,143826,5524,26,143826,5524,3.84%,3.40%,276,5.00%,4404438,5651461,13100,22774,789,,,283629,4720,,,0,0,400
09/04/2021,1556242,1481637,53,53226,21379,9-15 Apr,58,10086459,30560,1267,4.10%,41,,,,146764,5518,3.76%,3.40%,280,5.10%,4418838,5667621,14400,16160,788,,,288368,4739,,,0,0,401
10/04/2021,1557527,1482682,30,53256,21589,9-15 Apr,58,10115923,29464,1285,4.40%,44,,,,159837,6026,3.77%,3.40%,302,5.00%,4433220,5682703,14382,15082,861,,,288406,38,,,0,0,402
11/04/2021,1558458,1483296,66,53322,21840,9-15 Apr,58,10138936,23013,931,4.00%,40,,,,170733,6494,3.80%,3.40%,335,5.20%,4442998,5695938,9778,13235,928,,,288406,0,,,0,0,403
12/04/2021,1559113,1484356,34,53356,21401,9-15 Apr,58,10154978,16042,655,4.10%,41,,,,175684,6697,3.81%,3.40%,361,5.40%,4450881,5704097,7883,8159,957,,,289787,1381,,,0,0,404
13/04/2021,1559960,1485315,67,53423,21222,9-15 Apr,58,10181143,26165,847,3.20%,32,,,,185712,7107,3.83%,3.40%,391,5.50%,4460861,5720282,9980,16185,1015,,,292623,2836,,,0,0,405
14/04/2021,1561559,1486873,75,53498,21188,9-15 Apr,58,10216114,34971,1599,4.60%,46,,,,196089,7950,4.05%,3.40%,387,4.90%,4475307,5740807,14446,20525,1136,,,292623,0,,,0,0,406
15/04/2021,1562931,1488060,73,53571,21300,9-15 Apr,58,10259664,43550,1372,3.20%,32,203765,7956,26,203765,7956,3.90%,3.40%,398,5.00%,4489924,5769740,14617,28933,1137,,,292623,0,,,0,0,407
16/04/2021,1564355,1488572,92,53663,22120,16-22 Apr,59,10291264,31600,1424,4.50%,45,,,,204805,8113,3.96%,3.40%,437,5.40%,4504678,5786586,14754,16846,1159,,,292623,0,,,0,0,408
17/04/2021,1565680,1489457,48,53711,22512,16-22 Apr,59,10305641,14377,1325,9.20%,92,,,,189718,8153,4.30%,3.40%,455,5.60%,4510052,5795589,5374,9003,1165,,,292623,0,,,0,0,409
18/04/2021,1566769,1490143,25,53736,22890,16-22 Apr,59,10337066,31425,1089,3.50%,35,,,,198130,8311,4.19%,3.40%,414,5.00%,4528803,5808263,18751,12674,1187,,,292623,0,,,0,0,410
19/04/2021,1567513,1490876,21,53757,22880,16-22 Apr,59,10355196,18130,744,4.10%,41,,,,200218,8400,4.20%,3.40%,401,4.80%,4537028,5818168,8225,9905,1200,,,292623,0,,,0,0,411
20/04/2021,1568366,1494630,130,53887,19849,16-22 Apr,59,10379089,23893,853,3.60%,36,,,,197946,8406,4.25%,3.40%,464,5.50%,4556907,5822182,9616,14277,1201,,,292623,0,,,0,0,412
21/04/2021,1569935,1495864,53,53940,20131,16-22 Apr,59,10413180,34091,1569,4.60%,46,,,,197066,8376,4.25%,3.40%,442,5.30%,4569817,5843363,12910,21181,1197,,,292623,0,,,0,0,413
22/04/2021,1571348,1496756,55,53995,20597,16-22 Apr,59,10447673,34493,1413,4.10%,41,188009,8417,22,188009,8417,4.48%,3.40%,424,5.00%,4586163,5861510,16346,18147,1202,,,292623,0,,,0,0,414
23/04/2021,1572985,1499110,71,54066,19809,23-29 Apr,60,10481576,33903,1637,4.80%,48,,,,190312,8630,4.53%,3.40%,403,4.70%,4601113,5880463,14950,18953,1233,,,292623,0,,,0,0,415
24/04/2021,1574370,1500360,59,54125,19885,23-29 Apr,60,10508510,26934,1385,5.10%,51,,,,202869,8690,4.28%,3.40%,414,4.80%,4613836,5894674,12723,14211,1241,,,292623,0,,,0,0,416
25/04/2021,1575471,1501185,23,54148,20138,23-29 Apr,60,10530979,22469,1101,4.90%,49,,,,193913,8702,4.49%,3.40%,412,4.70%,4625622,5905357,11786,10683,1243,,,292623,0,,,0,0,417
26/04/2021,1576320,1501880,38,54186,20254,23-29 Apr,60,10545817,14838,849,5.70%,57,,,,190621,8807,4.62%,3.40%,429,4.90%,4632601,5913216,6979,7859,1258,,,292623,0,,,0,0,418
27/04/2021,1577200,1502986,51,54237,19977,23-29 Apr,60,10567593,21776,880,4.00%,40,,,,188504,8834,4.69%,3.40%,350,4.00%,4640705,5926888,8104,13672,1262,,,292623,0,,,0,0,419
28/04/2021,1578450,1503611,48,54285,20554,23-29 Apr,60,10590107,22514,1250,5.60%,56,,,,176927,8515,4.81%,3.40%,345,4.10%,4648927,5941180,8222,14292,1216,,,298153,5530,,,0,0,420
29/04/2021,1579536,1504426,46,54331,20779,23-29 Apr,60,10625030,34923,1086,3.10%,31,177357,8188,22,177357,8188,4.62%,3.40%,336,4.10%,4670481,5954549,9787,13350,1170,,,307591,9438,,,0,0,421
30/04/2021,1581210,1505620,19,54350,21240,30 Apr-6 May,61,10654870,29840,1674,5.60%,56,,,,173294,8225,4.75%,3.40%,284,3.50%,4682429,5972441,11948,17892,1175,,,317656,10065,,,0,0,422
01/05/2021,1582842,1506732,56,54406,21704,30 Apr-6 May,61,10682827,27957,1632,5.80%,58,,,,174317,8472,4.86%,3.40%,281,3.30%,4697015,5985812,12040,15917,1210,,,318670,1014,,,0,0,423
02/05/2021,1584064,1507778,11,54417,21869,30 Apr-6 May,61,10699021,16194,1222,7.50%,75,,,,168042,8593,5.11%,3.40%,269,3.10%,4705719,5993302,8704,7490,1228,,,318670,0,,,0,0,424
03/05/2021,1584961,1508558,35,54452,21951,30 Apr-6 May,61,10715773,16752,897,5.40%,54,,,,169956,8641,5.08%,3.40%,266,3.10%,4712994,6002779,7275,9477,1234,,,329098,10428,,,0,0,425
04/05/2021,1586148,1509656,59,54511,21981,30 Apr-6 May,61,10739813,24040,1187,4.90%,49,,,,172220,8948,5.20%,3.40%,274,3.10%,4721772,6018041,8778,15262,1278,,,339655,10557,,,0,0,426
05/05/2021,1588221,1510385,46,54557,23279,30 Apr-6 May,61,10773227,33414,2073,6.20%,62,,,,183120,9771,5.34%,3.40%,272,2.80%,4733855,6039372,12083,21331,1396,,,353181,13526,,,0,0,427
06/05/2021,1590370,1511905,63,54620,23845,30 Apr-6 May,61,10805804,32577,2149,6.60%,66,180774,10834,17,180774,10834,5.99%,3.40%,289,2.70%,4747377,6058427,13522,19055,1548,,,366101,12920,,,0,0,428
07/05/2021,1592626,1513202,67,54687,24737,7-13 May,62,10831738,25934,2256,8.70%,87,,,,176868,11416,6.45%,3.40%,337,3.00%,4760121,6071617,12744,13190,1631,,,381171,15070,,,0,0,429
08/05/2021,1594817,1514088,37,54724,26005,7-13 May,62,10861611,29873,2191,7.30%,73,,,,178784,11975,6.70%,3.40%,318,2.70%,4772064,6089547,11943,17930,1711,,,382480,1309,,,0,0,430
09/05/2021,1596595,1516256,11,54735,25604,7-13 May,62,10887709,26098,1778,6.80%,68,,,,188688,12531,6.64%,3.40%,318,2.50%,4783063,6104646,10999,15099,1790,,,382480,0,,,0,0,431
10/05/2021,1597724,1517350,90,54825,25549,7-13 May,62,10906020,18311,1129,6.20%,62,,,,190247,12763,6.71%,3.40%,373,2.90%,4791753,6114267,8690,9621,1823,,,395230,12750,,,0,0,432
11/05/2021,1599272,1519258,71,54896,25118,7-13 May,62,10931906,25886,1548,6.00%,60,,,,192093,13124,6.83%,3.40%,385,2.90%,4800342,6131564,8589,17486,1875,,,414372,19142,,,0,0,433
12/05/2021,1602031,1519734,72,54968,27329,7-13 May,62,10968926,37020,2759,7.50%,75,,,,195699,13810,7.06%,3.40%,411,3.00%,4814199,6154727,13857,23163,1973,,,430730,16358,,,0,0,434
13/05/2021,1605252,1520878,44,55012,29362,7-13 May,62,11010999,42073,3221,7.70%,77,205195,14882,14,205195,14882,7.25%,3.40%,392,2.60%,4827679,6183320,13480,28593,2126,,,455169,24439,,,0,0,435
14/05/2021,1608393,1522165,112,55124,31104,14-20 May,63,11052993,41994,3141,7.50%,75,,,,221255,15767,7.13%,3.40%,437,2.80%,4842137,6210856,14458,27536,2252,,,474318,19149,,,0,0,436
15/05/2021,1611143,1523243,59,55183,32717,14-20 May,63,11087505,34512,2750,8.00%,80,,,,225894,16326,7.23%,3.40%,459,2.80%,4856240,6231265,14103,20409,2332,,,479768,5450,,,0,0,437
16/05/2021,1613728,1524352,27,55210,34166,14-20 May,63,11115048,27543,2585,9.40%,94,,,,227339,17133,7.54%,3.40%,475,2.80%,4867812,6247236,11572,15971,2448,,,479768,0,,,0,0,438
17/05/2021,1615485,1526638,50,55260,33587,14-20 May,63,11134553,19505,1757,9.00%,90,,,,228533,17761,7.77%,3.40%,435,2.40%,4875867,6258686,8055,11450,2537,,,479768,0,,,0,0,439
18/05/2021,1617840,1527968,80,55340,34532,14-20 May,63,11166950,32397,2355,7.30%,73,,,,235044,18568,7.90%,3.40%,444,2.40%,4886394,6280556,10527,21870,2653,,,520036,40268,40268,,0,40268,440
19/05/2021,1621362,1528868,167,55507,36987,14-20 May,63,11207305,40355,3522,8.70%,87,,,,238379,19331,8.11%,3.40%,539,2.80%,4900038,6307267,13644,26711,2762,,,558170,38134,78402,,0,78402,441
20/05/2021,1625003,1531993,61,55568,37442,14-20 May,63,11246917,39612,3641,9.20%,92,235918,19751,12,235918,19751,8.37%,3.40%,556,2.80%,4914534,6332383,14496,25116,2822,,,597406,39236,117638,,0,117638,442
21/05/2021,1628335,1534350,151,55719,38266,21-27 May,64,11281820,34903,3332,9.50%,95,,,,228827,19942,8.71%,3.40%,595,3.00%,4927391,6354429,12857,22046,2849,,,641485,44079,161717,,0,161717,443
22/05/2021,1632571,1537430,53,55772,39369,21-27 May,64,11325572,43752,4236,9.70%,97,,,,238067,21428,9.00%,3.40%,589,2.70%,4927391,6354429,12857,22046,3061,,,647983,5601,167318,480665,480665,167318,444
23/05/2021,1635465,1539395,30,55802,40268,21-27 May,64,11354930,29358,2894,9.90%,99,,,,239882,21737,9.06%,3.40%,592,2.70%,4957444,6397486,12782,16573,3105,,,651628,4542,171860,479768,479768,171860,445
24/05/2021,1637848,1541250,72,55874,40724,21-27 May,64,11378282,23352,2383,10.20%,102,,,,243729,22363,9.18%,3.40%,614,2.70%,4968516,6409766,11072,12280,3195,,,700904,49276,221136,479768,479768,221136,446
25/05/2021,1640932,1543951,102,55976,41005,21-27 May,64,11406308,28026,3084,11.00%,110,,,,239358,23092,9.65%,3.40%,636,2.80%,4983172,6423136,14656,13370,3299,,,761903,60999,282135,479768,479768,282135,447
26/05/2021,1645555,1546583,101,56077,42895,21-27 May,64,11452185,45877,4623,10.10%,101,,,,244880,24193,9.88%,3.40%,570,2.40%,5002264,6449921,19092,26785,3456,,,828204,66301,348436,479768,479768,348436,448
27/05/2021,1649977,1548092,93,56170,45715,21-27 May,64,11495627,43442,4422,10.20%,102,248710,24974,10,248710,24974,10.04%,3.40%,602,2.40%,5022115,6473512,19851,23591,3568,,,897955,69751,418187,479768,479768,418187,449
28/05/2021,1654551,1551520,123,56293,46738,28May-3 June,65,11535429,39802,4574,11.50%,115,,,,253609,26216,10.34%,3.40%,574,2.20%,5039884,6495545,17769,22033,3745,,,963876,65921,484108,479768,479768,484108,450
29/05/2021,1659070,1554184,70,56363,48523,28May-3 June,65,11575047,39618,4519,11.40%,114,,,,249475,26499,10.62%,3.40%,591,2.20%,5057593,6517454,17709,21909,3786,,,968319,4443,488551,479768,479768,488551,451
30/05/2021,1662825,1556874,76,56439,49512,28May-3 June,65,11606570,31523,3755,11.90%,119,,,,251640,27360,10.87%,3.40%,637,2.30%,5071587,6534983,13994,17529,3909,,,970448,2129,490680,479768,479768,490680,452
31/05/2021,1665617,1559337,67,56506,49774,28May-3 June,65,11631239,24669,2792,11.30%,113,,,,252957,27769,10.98%,3.40%,632,2.30%,5081770,6549469,10183,14486,3967,,,1045104,74656,565336,479768,479768,565336,453
01/06/2021,1669231,1563719,95,56601,48911,28May-3 June,65,11667916,36677,3614,9.90%,99,,,,261608,28299,10.82%,3.40%,625,2.20%,5099387,6568529,17617,19060,4043,,,1117569,72465,637801,479768,479768,637801,454
02/06/2021,1675013,1565684,110,56711,52618,28May-3 June,65,11713400,45484,5782,12.70%,127,,,,261215,29458,11.28%,3.40%,634,2.20%,5115368,6598032,15981,29503,4208,,,1193352,75783,713584,479768,479768,713584,455
03/06/2021,1680373,1567635,54,56765,55973,28May-3 June,65,11757176,43776,5360,12.20%,122,261549,30396,9,261549,30396,11.62%,3.40%,595,2.00%,5133613,6623563,18245,25531,4342,,,1266893,73541,787125,479768,479768,787125,456
04/06/2021,1686041,1570975,67,56832,58234,4-10 June,66,11800313,43137,5668,13.10%,131,,,,264884,31490,11.89%,3.40%,539,1.70%,5151150,6649163,17537,25600,4499,,,1336547,69654,856779,479768,479768,856779,457
05/06/2021,1691491,1574223,97,56929,60339,4-10 June,66,11840773,40460,5450,13.50%,135,,,,265726,32421,12.20%,3.40%,566,1.70%,5167449,6673324,16299,24161,4632,,,1343433,6886,863665,479768,479768,863665,458
06/06/2021,1696564,1578033,45,56974,61557,4-10 June,66,11876594,35821,5073,14.20%,142,,,,270024,33739,12.49%,3.40%,535,1.60%,5182552,6694042,15103,20718,4820,,,1350245,6812,870477,479768,479768,870477,459
07/06/2021,1699849,1581540,89,57063,61246,4-10 June,66,11899793,23199,3285,14.20%,142,,,,268554,34232,12.75%,3.40%,557,1.60%,5192511,6707282,9959,13240,4890,,,1433730,83485,953962,479768,479768,953962,460
08/06/2021,1704058,1587015,120,57183,59860,4-10 June,66,11932018,32225,4209,13.10%,131,,,,264102,34827,13.19%,3.40%,582,1.70%,0,0,0,0,4975,,,1525271,91541,1045503,479768,479768,1045503,461
09/06/2021,1712939,1589501,127,57310,66128,4-10 June,66,11985750,53732,8881,16.50%,165,,,,272350,37926,13.93%,3.30%,599,1.60%,5225305,6760445,19614,34118,5418,,,1619011,93740,1139243,479768,479768,1139243,462
10/06/2021,1722086,1593059,100,57410,71617,4-10 June,66,12044072,58322,9147,15.70%,157,286896,41713,7,286896,41713,14.54%,3.30%,645,1.50%,5253549,6790523,28244,30078,5959,,,1690026,71015,1210258,479768,479768,1210258,463
11/06/2021,1730106,1598293,182,57592,74221,11-17 June,67,12092681,48609,8020,16.50%,165,,,,292368,44065,15.07%,3.30%,760,1.70%,5273020,6819661,19471,29138,6295,,,1767415,77389,1287647,479768,479768,1287647,464
12/06/2021,1739425,1602406,114,57706,79313,11-17 June,67,12148854,56173,9319,16.60%,166,,,,308081,47934,15.56%,3.30%,777,1.60%,5298091,6850763,25071,31102,6848,,,1773417,6002,1293649,479768,479768,1293649,465
13/06/2021,1747082,1606581,59,57765,82736,11-17 June,67,12193414,44560,7657,17.20%,172,,,,316820,50518,15.95%,3.30%,791,1.60%,5316080,6877334,17989,26571,7217,,,1777288,3871,1297520,479768,479768,1297520,466
14/06/2021,1752630,1611447,114,57879,83304,11-17 June,67,12223448,30034,5548,18.50%,185,,,,323655,52781,16.31%,3.30%,816,1.50%,5329678,6893770,13598,16436,7540,,,1871987,94699,1392219,479768,479768,1392219,467
15/06/2021,1761066,1616405,208,58087,86574,11-17 June,67,12270842,47394,8436,17.80%,178,,,,338824,57008,16.83%,3.30%,904,1.60%,5355114,6915728,25436,21958,8144,,,1965812,93825,1486044,479768,479768,1486044,468
16/06/2021,1774312,1620317,136,58223,95772,11-17 June,67,12331837,60995,13246,21.70%,217,,,,346087,61373,17.73%,3.30%,913,1.50%,5376696,6955141,21582,39413,8768,,,1974099,8287,1494331,479768,479768,1494331,469
17/06/2021,1786079,1623319,100,58323,104437,11-17 June,67,12383955,52118,11767,22.60%,226,339883,63993,5,339883,63993,18.83%,3.30%,913,1.40%,5398930,6985025,22234,29884,9142,,,2069346,95247,1589578,479768,479768,1589578,470
18/06/2021,1796589,1632182,118,58441,105966,18-24 June,68,12435256,51301,10510,20.50%,205,,,,342575,66483,19.41%,3.30%,849,1.30%,5422102,7013154,23172,28129,9498,,,2137071,67725,1657303,479768,479768,1657303,471
19/06/2021,1810164,1640849,149,58590,110725,18-24 June,68,12493891,58635,13575,23.20%,232,,,,345037,70739,20.50%,3.20%,884,1.20%,5444897,7048994,22795,35840,10106,,,2141624,4553,1661856,479768,479768,1661856,472
20/06/2021,1823319,1647503,112,58702,117114,18-24 June,68,12549484,55593,13155,23.70%,237,,,,356070,76237,21.41%,3.20%,937,1.20%,5464417,7085067,19520,36073,10891,,,0,0,,,0,0,473
